player_1,player_2,total_net_points,total_duration,total_stints,impact_per_60,player_1_name,player_2_name,pair_name
280,703,30,205,12,0.15,280,703,280 + 703
1887,417,35,285,27,0.12,1887,417,1887 + 417
1023,56,33,269,18,0.12,1023,56,1023 + 56
121,56,105,927,54,0.11,121,56,121 + 56
349,895,27,240,18,0.11,349,895,349 + 895
1884,1924,35,322,20,0.11,1884,1924,1884 + 1924
275,280,30,281,17,0.11,275,280,275 + 280
42,690,24,232,22,0.1,42,690,42 + 690
146,693,25,243,23,0.1,146,693,146 + 693
722,891,90,889,48,0.1,722,891,722 + 891
1732,685,71,707,62,0.1,1732,685,1732 + 685
1073,1887,27,271,17,0.1,1073,1887,1073 + 1887
168,682,35,357,27,0.1,168,682,168 + 682
2130,977,21,221,16,0.1,2130,977,2130 + 977
1562,436,48,506,34,0.09,1562,436,1562 + 436
1740,56,102,1095,69,0.09,1740,56,1740 + 56
201,2101,58,652,60,0.09,201,2101,201 + 2101
344,693,20,227,21,0.09,344,693,344 + 693
1138,1889,33,381,31,0.09,1138,1889,1138 + 1889
1513,2045,45,528,44,0.09,1513,2045,1513 + 2045
2043,693,24,285,27,0.08,2043,693,2043 + 693
1134,970,21,251,21,0.08,1134,970,1134 + 970
1722,949,33,405,26,0.08,1722,949,1722 + 949
1713,722,148,1874,108,0.08,1713,722,1713 + 722
185,2045,24,313,22,0.08,185,2045,185 + 2045
717,905,28,366,18,0.08,717,905,717 + 905
2052,252,81,1062,65,0.08,2052,252,2052 + 252
1509,1749,18,236,15,0.08,1509,1749,1509 + 1749
2050,722,68,905,57,0.08,2050,722,2050 + 722
219,682,15,203,16,0.07,219,682,219 + 682
2030,2066,16,217,18,0.07,2030,2066,2030 + 2066
2032,400,20,273,26,0.07,2032,400,2032 + 400
1023,1741,34,469,29,0.07,1023,1741,1023 + 1741
1112,966,23,320,25,0.07,1112,966,1112 + 966
436,685,29,412,33,0.07,436,685,436 + 685
369,913,51,729,39,0.07,369,913,369 + 913
1897,2064,44,642,42,0.07,1897,2064,1897 + 2064
1719,717,17,249,30,0.07,1719,717,1719 + 717
1739,56,59,866,60,0.07,1739,56,1739 + 56
278,717,19,283,23,0.07,278,717,278 + 717
178,2052,43,644,43,0.07,178,2052,178 + 2052
452,56,67,1005,58,0.07,452,56,452 + 56
1918,436,23,345,21,0.07,1918,436,1918 + 436
1900,935,15,225,22,0.07,1900,935,1900 + 935
349,722,146,2195,120,0.07,349,722,349 + 722
136,1924,50,754,68,0.07,136,1924,136 + 1924
213,722,131,1979,111,0.07,213,722,213 + 722
1502,904,22,334,26,0.07,1502,904,1502 + 904
323,977,37,570,41,0.06,323,977,323 + 977
213,891,64,991,50,0.06,213,891,213 + 891
1138,1714,28,438,35,0.06,1138,1714,1138 + 1714
1736,2064,17,268,21,0.06,1736,2064,1736 + 2064
1722,735,68,1073,63,0.06,1722,735,1722 + 735
913,948,25,396,16,0.06,913,948,913 + 948
369,948,46,729,45,0.06,369,948,369 + 948
2038,911,14,222,11,0.06,2038,911,2038 + 911
1904,406,23,369,29,0.06,1904,406,1904 + 406
103,417,14,226,16,0.06,103,417,103 + 417
2052,731,13,210,13,0.06,2052,731,2052 + 731
236,51,32,520,39,0.06,236,51,236 + 51
2101,361,63,1030,76,0.06,2101,361,2101 + 361
1065,26,15,246,16,0.06,1065,26,1065 + 26
435,672,18,296,18,0.06,435,672,435 + 672
1900,2052,17,280,17,0.06,1900,2052,1900 + 2052
1723,902,21,347,33,0.06,1723,902,1723 + 902
2036,441,25,416,29,0.06,2036,441,2036 + 441
422,764,20,334,20,0.06,422,764,422 + 764
1727,690,15,251,16,0.06,1727,690,1727 + 690
1892,2036,42,704,58,0.06,1892,2036,1892 + 2036
224,920,20,342,31,0.06,224,920,224 + 920
1915,2066,15,259,22,0.06,1915,2066,1915 + 2066
952,958,18,312,29,0.06,952,958,952 + 958
26,275,15,260,18,0.06,26,275,26 + 275
1722,236,50,869,55,0.06,1722,236,1722 + 236
1924,2048,60,1044,82,0.06,1924,2048,1924 + 2048
252,935,22,383,28,0.06,252,935,252 + 935
280,779,26,454,31,0.06,280,779,280 + 779
136,2048,122,2135,146,0.06,136,2048,136 + 2048
2130,375,44,771,54,0.06,2130,375,2130 + 375
1890,2101,58,1024,85,0.06,1890,2101,1890 + 2101
109,406,49,870,61,0.06,109,406,109 + 406
57,98,18,324,21,0.06,57,98,57 + 98
1720,386,34,613,44,0.06,1720,386,1720 + 386
2036,221,35,632,44,0.06,2036,221,2036 + 221
1138,221,23,418,31,0.06,1138,221,1138 + 221
2038,951,16,293,18,0.05,2038,951,2038 + 951
2040,677,29,534,44,0.05,2040,677,2040 + 677
2054,2101,12,222,13,0.05,2054,2101,2054 + 2101
1715,2045,45,834,69,0.05,1715,2045,1715 + 2045
1918,393,38,709,48,0.05,1918,393,1918 + 393
103,1073,17,319,32,0.05,103,1073,103 + 1073
2068,369,13,244,22,0.05,2068,369,2068 + 369
1710,1722,80,1525,99,0.05,1710,1722,1710 + 1722
1444,2045,33,632,51,0.05,1444,2045,1444 + 2045
43,436,22,422,42,0.05,43,436,43 + 436
1916,782,16,308,24,0.05,1916,782,1916 + 782
1712,682,34,660,47,0.05,1712,682,1712 + 682
2045,468,12,233,18,0.05,2045,468,2045 + 468
121,442,17,331,21,0.05,121,442,121 + 442
682,956,22,434,31,0.05,682,956,682 + 956
201,915,57,1128,102,0.05,201,915,201 + 915
53,915,16,318,34,0.05,53,915,53 + 915
252,330,32,640,46,0.05,252,330,252 + 330
1434,2064,20,401,27,0.05,1434,2064,1434 + 2064
275,913,54,1084,63,0.05,275,913,275 + 913
2068,275,23,464,43,0.05,2068,275,2068 + 275
375,406,44,891,64,0.05,375,406,375 + 406
198,764,13,264,24,0.05,198,764,198 + 764
1498,422,43,875,62,0.05,1498,422,1498 + 422
1904,216,15,306,16,0.05,1904,216,1904 + 216
248,947,42,860,68,0.05,248,947,248 + 947
1134,1722,40,820,61,0.05,1134,1722,1134 + 1722
1032,951,13,267,20,0.05,1032,951,1032 + 951
1497,417,31,640,51,0.05,1497,417,1497 + 417
103,1051,29,604,45,0.05,103,1051,103 + 1051
1737,1908,15,313,25,0.05,1737,1908,1737 + 1908
1711,702,57,1193,92,0.05,1711,702,1711 + 702
251,764,27,567,42,0.05,251,764,251 + 764
1507,764,24,505,33,0.05,1507,764,1507 + 764
919,93,18,379,36,0.05,919,93,919 + 93
779,913,45,952,59,0.05,779,913,779 + 913
393,685,43,910,68,0.05,393,685,393 + 685
178,252,84,1787,97,0.05,178,252,178 + 252
1739,442,18,383,31,0.05,1739,442,1739 + 442
1723,2036,34,724,49,0.05,1723,2036,1723 + 2036
1889,2036,34,725,51,0.05,1889,2036,1889 + 2036
1713,349,176,3783,235,0.05,1713,349,1713 + 349
76,961,13,282,22,0.05,76,961,76 + 961
1714,1889,72,1564,126,0.05,1714,1889,1714 + 1889
2045,57,18,391,38,0.05,2045,57,2045 + 57
137,1928,25,544,49,0.05,137,1928,137 + 1928
1607,690,17,370,27,0.05,1607,690,1607 + 690
1521,2052,68,1483,100,0.05,1521,2052,1521 + 2052
2050,213,111,2426,166,0.05,2050,213,2050 + 213
1713,891,65,1424,86,0.05,1713,891,1713 + 891
1740,442,22,483,37,0.05,1740,442,1740 + 442
304,935,20,440,38,0.05,304,935,304 + 935
703,913,29,641,50,0.05,703,913,703 + 913
1741,56,20,447,26,0.04,1741,56,1741 + 56
1513,185,82,1847,135,0.04,1513,185,1513 + 185
1562,1751,69,1557,114,0.04,1562,1751,1562 + 1751
2130,406,19,430,29,0.04,2130,406,2130 + 406
1713,213,166,3758,228,0.04,1713,213,1713 + 213
1902,365,55,1254,101,0.04,1902,365,1902 + 365
323,375,21,479,31,0.04,323,375,323 + 375
63,685,15,343,33,0.04,63,685,63 + 685
164,280,9,207,16,0.04,164,280,164 + 280
120,278,89,2051,143,0.04,120,278,120 + 278
1134,51,16,370,33,0.04,1134,51,1134 + 51
2046,56,21,486,31,0.04,2046,56,2046 + 56
213,895,20,463,31,0.04,213,895,213 + 895
178,304,84,1957,115,0.04,178,304,178 + 304
1023,1742,13,303,29,0.04,1023,1742,1023 + 1742
349,891,68,1585,98,0.04,349,891,349 + 891
15,400,18,422,29,0.04,15,400,15 + 400
389,947,23,541,52,0.04,389,947,389 + 947
1733,64,33,783,61,0.04,1733,64,1733 + 64
1548,2040,12,285,23,0.04,1548,2040,1548 + 2040
84,913,40,955,55,0.04,84,913,84 + 913
1889,445,31,741,52,0.04,1889,445,1889 + 445
1720,255,9,216,15,0.04,1720,255,1720 + 255
2042,959,9,216,12,0.04,2042,959,2042 + 959
2050,349,108,2593,187,0.04,2050,349,2050 + 349
1630,182,28,673,46,0.04,1630,182,1630 + 182
1501,951,56,1349,94,0.04,1501,951,1501 + 951
1501,2038,23,556,34,0.04,1501,2038,1501 + 2038
2048,695,75,1822,140,0.04,2048,695,2048 + 695
1538,980,11,268,21,0.04,1538,980,1538 + 980
353,690,10,245,22,0.04,353,690,353 + 690
1888,685,52,1276,100,0.04,1888,685,1888 + 685
1506,1902,31,761,63,0.04,1506,1902,1506 + 1902
179,72,11,271,30,0.04,179,72,179 + 72
677,72,15,370,23,0.04,677,72,677 + 72
727,947,23,578,47,0.04,727,947,727 + 947
689,947,33,836,63,0.04,689,947,689 + 947
2091,53,17,431,30,0.04,2091,53,2091 + 53
386,448,14,355,24,0.04,386,448,386 + 448
213,349,161,4092,246,0.04,213,349,213 + 349
399,400,27,687,47,0.04,399,400,399 + 400
2040,958,8,205,18,0.04,2040,958,2040 + 958
1499,958,17,438,33,0.04,1499,958,1499 + 958
1900,330,22,570,51,0.04,1900,330,1900 + 330
896,920,22,571,48,0.04,896,920,896 + 920
133,1924,41,1066,81,0.04,133,1924,133 + 1924
1886,1902,34,887,77,0.04,1886,1902,1886 + 1902
1683,754,14,366,29,0.04,1683,754,1683 + 754
1498,764,16,419,33,0.04,1498,764,1498 + 764
1900,252,62,1626,106,0.04,1900,252,1900 + 252
252,731,18,475,30,0.04,252,731,252 + 731
1023,442,15,397,26,0.04,1023,442,1023 + 442
43,782,17,451,39,0.04,43,782,43 + 782
468,98,14,373,23,0.04,468,98,468 + 98
201,916,15,400,31,0.04,201,916,201 + 916
176,739,12,321,17,0.04,176,739,176 + 739
2048,934,13,350,35,0.04,2048,934,2048 + 934
1902,397,43,1159,91,0.04,1902,397,1902 + 397
1751,436,49,1328,78,0.04,1751,436,1751 + 436
1711,686,54,1474,91,0.04,1711,686,1711 + 686
1073,417,12,328,15,0.04,1073,417,1073 + 417
124,1513,38,1041,75,0.04,124,1513,124 + 1513
208,951,53,1455,95,0.04,208,951,208 + 951
278,739,81,2231,149,0.04,278,739,278 + 739
2034,690,16,441,33,0.04,2034,690,2034 + 690
283,998,25,691,46,0.04,283,998,283 + 998
911,951,28,774,56,0.04,911,951,911 + 951
1721,686,24,665,49,0.04,1721,686,1721 + 686
1538,1892,54,1498,122,0.04,1538,1892,1538 + 1892
1739,452,78,2171,146,0.04,1739,452,1739 + 452
2101,339,26,733,52,0.04,2101,339,2101 + 339
1710,51,24,677,48,0.04,1710,51,1710 + 51
1890,201,61,1723,124,0.04,1890,201,1890 + 201
317,935,10,284,28,0.04,317,935,317 + 935
136,765,24,684,50,0.04,136,765,136 + 765
1503,386,32,915,63,0.03,1503,386,1503 + 386
137,248,37,1058,102,0.03,137,248,137 + 248
361,915,66,1888,150,0.03,361,915,361 + 915
2052,304,43,1234,84,0.03,2052,304,2052 + 304
1713,2050,98,2818,198,0.03,1713,2050,1713 + 2050
1751,1918,39,1122,80,0.03,1751,1918,1751 + 1918
1521,935,13,374,29,0.03,1521,935,1521 + 935
201,960,8,231,16,0.03,201,960,201 + 960
2091,960,30,867,56,0.03,2091,960,2091 + 960
426,89,8,232,21,0.03,426,89,426 + 89
145,1899,16,467,31,0.03,145,1899,145 + 1899
275,948,36,1051,60,0.03,275,948,275 + 948
146,182,27,789,65,0.03,146,182,146 + 182
753,958,14,410,37,0.03,753,958,753 + 958
1508,672,25,733,58,0.03,1508,672,1508 + 672
1732,436,58,1701,115,0.03,1732,436,1732 + 436
1906,1944,9,264,22,0.03,1906,1944,1906 + 1944
1110,45,22,646,60,0.03,1110,45,1110 + 45
275,369,93,2741,193,0.03,275,369,275 + 369
2066,271,18,533,48,0.03,2066,271,2066 + 271
949,970,12,356,22,0.03,949,970,949 + 970
304,330,39,1161,96,0.03,304,330,304 + 330
1751,393,78,2328,150,0.03,1751,393,1751 + 393
1716,682,22,657,45,0.03,1716,682,1716 + 682
1900,317,8,239,18,0.03,1900,317,1900 + 317
201,361,68,2032,143,0.03,201,361,201 + 361
1902,440,31,930,70,0.03,1902,440,1902 + 440
283,951,46,1381,105,0.03,283,951,283 + 951
136,922,25,752,41,0.03,136,922,136 + 922
120,1719,51,1539,114,0.03,120,1719,120 + 1719
1915,383,62,1876,120,0.03,1915,383,1915 + 383
121,452,70,2123,123,0.03,121,452,121 + 452
147,1902,15,458,29,0.03,147,1902,147 + 1902
164,26,11,338,24,0.03,164,26,164 + 26
1562,393,58,1785,128,0.03,1562,393,1562 + 393
1513,1715,53,1637,123,0.03,1513,1715,1513 + 1715
1721,702,29,901,98,0.03,1721,702,1721 + 702
369,84,44,1373,88,0.03,369,84,369 + 84
236,949,15,470,33,0.03,236,949,236 + 949
1714,980,12,377,28,0.03,1714,980,1714 + 980
1730,2039,8,252,23,0.03,1730,2039,1730 + 2039
1733,1902,28,883,66,0.03,1733,1902,1733 + 1902
1740,452,68,2150,130,0.03,1740,452,1740 + 452
1727,448,40,1275,94,0.03,1727,448,1727 + 448
1088,966,32,1027,80,0.03,1088,966,1088 + 966
103,1895,15,483,39,0.03,103,1895,103 + 1895
1499,1548,8,258,22,0.03,1499,1548,1499 + 1548
178,1900,26,840,55,0.03,178,1900,178 + 1900
165,1903,36,1166,77,0.03,165,1903,165 + 1903
136,1944,29,941,61,0.03,136,1944,136 + 1944
1741,1742,13,422,31,0.03,1741,1742,1741 + 1742
1502,682,8,260,21,0.03,1502,682,1502 + 682
1890,915,69,2244,179,0.03,1890,915,1890 + 915
278,757,62,2018,138,0.03,278,757,278 + 757
1711,89,17,557,50,0.03,1711,89,1711 + 89
458,919,17,557,46,0.03,458,919,458 + 919
2038,299,18,597,31,0.03,2038,299,2038 + 299
121,1740,90,2999,173,0.03,121,1740,121 + 1740
1477,2067,13,434,34,0.03,1477,2067,1477 + 2067
1538,2036,26,872,76,0.03,1538,2036,1538 + 2036
1521,178,56,1880,116,0.03,1521,178,1521 + 178
243,947,26,873,81,0.03,243,947,243 + 947
1513,57,43,1454,114,0.03,1513,57,1513 + 57
1895,708,8,271,22,0.03,1895,708,1895 + 708
1899,702,40,1360,95,0.03,1899,702,1899 + 702
317,330,20,683,55,0.03,317,330,317 + 330
210,417,14,481,49,0.03,210,417,210 + 417
469,922,24,826,47,0.03,469,922,469 + 922
1425,383,62,2136,151,0.03,1425,383,1425 + 383
123,89,6,207,18,0.03,123,89,123 + 89
361,960,27,933,59,0.03,361,960,361 + 960
1709,976,18,624,37,0.03,1709,976,1709 + 976
252,304,100,3499,222,0.03,252,304,252 + 304
166,406,48,1683,83,0.03,166,406,166 + 406
15,2047,32,1131,83,0.03,15,2047,15 + 2047
1051,1073,11,391,24,0.03,1051,1073,1051 + 1073
1732,393,79,2810,190,0.03,1732,393,1732 + 393
1722,3,30,1076,67,0.03,1722,3,1722 + 3
278,431,34,1222,99,0.03,278,431,278 + 431
1110,145,13,469,45,0.03,1110,145,1110 + 145
1541,722,27,976,75,0.03,1541,722,1541 + 722
1073,1895,13,471,29,0.03,1073,1895,1073 + 1895
2091,361,63,2284,139,0.03,2091,361,2091 + 361
1000,672,41,1489,111,0.03,1000,672,1000 + 672
111,210,30,1090,85,0.03,111,210,111 + 210
1906,2048,7,256,24,0.03,1906,2048,1906 + 2048
1720,1727,52,1915,140,0.03,1720,1727,1720 + 1727
270,406,54,1989,101,0.03,270,406,270 + 406
182,966,9,334,33,0.03,182,966,182 + 966
109,216,26,967,66,0.03,109,216,109 + 216
137,238,20,744,79,0.03,137,238,137 + 238
1498,1507,62,2316,159,0.03,1498,1507,1498 + 1507
1138,1723,10,375,25,0.03,1138,1723,1138 + 1723
1838,2032,33,1254,83,0.03,1838,2032,1838 + 2032
1714,2036,19,725,65,0.03,1714,2036,1714 + 2036
1536,2066,15,573,44,0.03,1536,2066,1536 + 2066
688,966,10,385,33,0.03,688,966,688 + 966
1890,361,83,3210,208,0.03,1890,361,1890 + 361
84,948,21,815,48,0.03,84,948,84 + 948
165,672,26,1016,75,0.03,165,672,165 + 672
317,731,9,352,26,0.03,317,731,317 + 731
363,762,33,1291,94,0.03,363,762,363 + 762
1521,252,90,3538,232,0.03,1521,252,1521 + 252
45,702,19,749,83,0.03,45,702,45 + 702
238,947,12,474,39,0.03,238,947,238 + 947
146,344,9,359,26,0.03,146,344,146 + 344
43,685,11,439,40,0.03,43,685,43 + 685
1904,270,17,680,46,0.02,1904,270,1904 + 270
1500,2064,29,1171,79,0.02,1500,2064,1500 + 2064
299,951,41,1669,110,0.02,299,951,299 + 951
111,417,9,369,47,0.02,111,417,111 + 417
1541,349,67,2748,195,0.02,1541,349,1541 + 349
1740,1741,26,1070,61,0.02,1740,1741,1740 + 1741
133,2048,87,3617,255,0.02,133,2048,133 + 2048
216,406,32,1331,71,0.02,216,406,216 + 406
788,891,13,543,37,0.02,788,891,788 + 891
145,686,5,209,15,0.02,145,686,145 + 686
958,962,5,209,14,0.02,958,962,958 + 962
353,386,17,712,47,0.02,353,386,353 + 386
2101,960,9,377,23,0.02,2101,960,2101 + 960
1559,677,12,504,44,0.02,1559,677,1559 + 677
168,219,10,420,41,0.02,168,219,168 + 219
243,727,28,1182,97,0.02,243,727,243 + 727
1894,2032,23,971,78,0.02,1894,2032,1894 + 2032
1541,213,58,2450,169,0.02,1541,213,1541 + 213
164,969,8,338,28,0.02,164,969,164 + 969
1900,304,41,1741,128,0.02,1900,304,1900 + 304
1444,468,27,1149,88,0.02,1444,468,1444 + 468
1559,753,7,298,30,0.02,1559,753,1559 + 753
1710,1800,57,2430,166,0.02,1710,1800,1710 + 1800
1134,236,36,1543,115,0.02,1134,236,1134 + 236
1559,952,5,215,20,0.02,1559,952,1559 + 952
1888,393,79,3403,239,0.02,1888,393,1888 + 393
193,920,25,1089,94,0.02,193,920,193 + 920
1444,1513,30,1310,99,0.02,1444,1513,1444 + 1513
1533,754,10,440,28,0.02,1533,754,1533 + 754
146,961,11,485,43,0.02,146,961,146 + 961
3,949,17,750,40,0.02,3,949,3 + 949
251,422,43,1899,136,0.02,251,422,251 + 422
1802,1913,5,223,18,0.02,1802,1913,1802 + 1913
2030,383,53,2364,154,0.02,2030,383,2030 + 383
1711,1899,59,2640,165,0.02,1711,1899,1711 + 1899
1425,1915,86,3849,269,0.02,1425,1915,1425 + 1915
393,436,48,2150,137,0.02,393,436,393 + 436
686,702,21,941,66,0.02,686,702,686 + 702
1924,695,16,717,61,0.02,1924,695,1924 + 695
1732,1918,32,1444,98,0.02,1732,1918,1732 + 1918
21,278,18,818,70,0.02,21,278,21 + 278
1723,445,13,592,42,0.02,1723,445,1723 + 445
201,467,44,2009,142,0.02,201,467,201 + 467
1425,2030,78,3607,247,0.02,1425,2030,1425 + 2030
93,959,12,555,45,0.02,93,959,93 + 959
296,977,29,1345,88,0.02,296,977,296 + 977
369,779,52,2420,170,0.02,369,779,369 + 779
1711,45,41,1914,151,0.02,1711,45,1711 + 45
1498,251,60,2801,219,0.02,1498,251,1498 + 251
133,136,79,3692,234,0.02,133,136,133 + 136
2101,915,13,608,56,0.02,2101,915,2101 + 915
1904,375,9,421,34,0.02,1904,375,1904 + 375
1739,1740,69,3241,214,0.02,1739,1740,1739 + 1740
1944,469,15,705,51,0.02,1944,469,1944 + 469
1944,934,7,331,30,0.02,1944,934,1944 + 934
361,467,80,3783,244,0.02,361,467,361 + 467
1023,1740,32,1520,111,0.02,1023,1740,1023 + 1740
275,779,83,3944,274,0.02,275,779,275 + 779
1737,389,16,762,58,0.02,1737,389,1737 + 389
190,224,46,2205,154,0.02,190,224,190 + 224
283,299,66,3167,232,0.02,283,299,283 + 299
103,1497,17,818,57,0.02,103,1497,103 + 1497
1800,970,8,387,33,0.02,1800,970,1800 + 970
1710,236,46,2229,147,0.02,1710,236,1710 + 236
469,934,8,389,30,0.02,469,934,469 + 934
1731,406,9,438,26,0.02,1731,406,1731 + 406
1562,782,17,829,56,0.02,1562,782,1562 + 782
1888,782,26,1268,94,0.02,1888,782,1888 + 782
185,98,7,343,24,0.02,185,98,185 + 98
137,243,27,1330,130,0.02,137,243,137 + 243
1495,1498,43,2119,160,0.02,1495,1498,1495 + 1498
677,958,22,1085,90,0.02,677,958,677 + 958
1887,708,9,445,29,0.02,1887,708,1887 + 708
133,765,20,994,77,0.02,133,765,133 + 765
1928,248,19,946,77,0.02,1928,248,1928 + 248
258,920,5,249,22,0.02,258,920,258 + 920
2038,208,12,601,34,0.02,2038,208,2038 + 208
1888,436,36,1807,131,0.02,1888,436,1888 + 436
1882,2064,23,1155,85,0.02,1882,2064,1882 + 2064
178,330,6,303,27,0.02,178,330,178 + 330
1521,731,15,761,57,0.02,1521,731,1521 + 731
1889,1892,34,1739,129,0.02,1889,1892,1889 + 1892
243,248,44,2268,197,0.02,243,248,243 + 248
702,89,14,722,56,0.02,702,89,702 + 89
1503,1720,45,2336,163,0.02,1503,1720,1503 + 1720
1899,89,15,779,61,0.02,1899,89,1899 + 89
1521,1900,35,1822,133,0.02,1521,1900,1521 + 1900
182,711,9,469,36,0.02,182,711,182 + 711
201,2091,23,1199,88,0.02,201,2091,201 + 2091
1890,53,14,732,56,0.02,1890,53,1890 + 53
1088,182,27,1413,102,0.02,1088,182,1088 + 182
1134,1710,37,1938,137,0.02,1134,1710,1134 + 1710
1725,210,27,1436,81,0.02,1725,210,1725 + 210
208,283,64,3415,252,0.02,208,283,208 + 283
2101,467,21,1123,80,0.02,2101,467,2101 + 467
1739,699,14,754,60,0.02,1739,699,1739 + 699
1513,1517,19,1025,79,0.02,1513,1517,1513 + 1517
2038,283,8,435,32,0.02,2038,283,2038 + 283
165,1883,28,1523,91,0.02,165,1883,165 + 1883
1751,1888,45,2471,174,0.02,1751,1888,1751 + 1888
2091,915,25,1378,128,0.02,2091,915,2091 + 915
376,966,6,331,24,0.02,376,966,376 + 966
1719,739,38,2097,154,0.02,1719,739,1719 + 739
1715,185,33,1824,114,0.02,1715,185,1715 + 185
109,977,11,610,52,0.02,109,977,109 + 977
2046,452,26,1442,106,0.02,2046,452,2046 + 452
1541,895,8,445,30,0.02,1541,895,1541 + 895
275,84,46,2581,174,0.02,275,84,275 + 84
2043,966,18,1010,86,0.02,2043,966,2043 + 966
1495,422,23,1296,83,0.02,1495,422,1495 + 422
216,375,12,684,39,0.02,216,375,216 + 375
1714,1892,28,1598,126,0.02,1714,1892,1714 + 1892
1710,949,19,1090,60,0.02,1710,949,1710 + 949
185,57,42,2410,144,0.02,185,57,185 + 57
190,920,7,402,32,0.02,190,920,190 + 920
330,731,4,232,20,0.02,330,731,330 + 731
1915,2030,66,3830,252,0.02,1915,2030,1915 + 2030
216,323,8,465,22,0.02,216,323,216 + 323
145,45,5,293,22,0.02,145,45,145 + 45
1800,236,35,2056,147,0.02,1800,236,1800 + 236
15,2032,33,1953,144,0.02,15,2032,15 + 2032
2091,916,5,298,21,0.02,2091,916,2091 + 916
1506,64,16,954,68,0.02,1506,64,1506 + 64
2044,983,10,597,47,0.02,2044,983,2044 + 983
1112,711,14,836,60,0.02,1112,711,1112 + 711
1562,1888,45,2700,207,0.02,1562,1888,1562 + 1888
1536,383,33,1994,128,0.02,1536,383,1536 + 383
1562,1732,32,1950,157,0.02,1562,1732,1562 + 1732
164,369,23,1407,103,0.02,164,369,164 + 369
1899,45,27,1652,119,0.02,1899,45,1899 + 45
1536,1915,60,3689,246,0.02,1536,1915,1536 + 1915
1751,782,11,678,50,0.02,1751,782,1751 + 782
1110,123,15,932,68,0.02,1110,123,1110 + 123
1630,966,7,435,43,0.02,1630,966,1630 + 966
1717,363,33,2051,158,0.02,1717,363,1717 + 363
1477,224,40,2513,179,0.02,1477,224,1477 + 224
2032,2039,15,945,62,0.02,2032,2039,2032 + 2039
84,969,4,253,23,0.02,84,969,84 + 969
441,445,13,823,63,0.02,441,445,441 + 445
1425,1536,61,3873,268,0.02,1425,1536,1425 + 1536
383,446,5,318,22,0.02,383,446,383 + 446
1887,210,22,1400,101,0.02,1887,210,1887 + 210
1607,42,11,701,70,0.02,1607,42,1607 + 42
296,323,18,1151,79,0.02,296,323,296 + 323
1888,1918,19,1215,93,0.02,1888,1918,1888 + 1918
1800,51,11,704,55,0.02,1800,51,1800 + 51
121,1741,14,898,55,0.02,121,1741,121 + 1741
339,960,6,385,31,0.02,339,960,339 + 960
133,1944,29,1861,134,0.02,133,1944,133 + 1944
123,426,9,580,48,0.02,123,426,123 + 426
1719,937,9,584,40,0.02,1719,937,1719 + 937
1502,302,11,714,48,0.02,1502,302,1502 + 302
243,689,30,1958,151,0.02,243,689,243 + 689
2059,363,13,849,67,0.02,2059,363,2059 + 363
1138,1892,9,589,47,0.02,1138,1892,1138 + 1892
1538,1889,24,1574,131,0.02,1538,1889,1538 + 1889
1727,386,9,593,43,0.02,1727,386,1727 + 386
1000,165,44,2906,169,0.02,1000,165,1000 + 165
1507,251,49,3244,227,0.02,1507,251,1507 + 251
275,703,52,3462,266,0.02,275,703,275 + 703
2091,467,49,3280,214,0.01,2091,467,2091 + 467
397,440,24,1608,122,0.01,397,440,397 + 440
1802,2062,3,201,15,0.01,1802,2062,1802 + 2062
121,1739,47,3178,197,0.01,121,1739,121 + 1739
1711,1721,34,2300,161,0.01,1711,1721,1711 + 1721
1521,304,60,4060,282,0.01,1521,304,1521 + 304
1710,3,36,2439,142,0.01,1710,3,1710 + 3
1728,673,13,881,54,0.01,1728,673,1728 + 673
103,210,6,409,31,0.01,103,210,103 + 210
1513,468,24,1637,123,0.01,1513,468,1513 + 468
467,960,20,1367,87,0.01,467,960,467 + 960
1894,976,3,206,14,0.01,1894,976,1894 + 976
120,757,67,4615,275,0.01,120,757,120 + 757
2030,446,6,419,36,0.01,2030,446,2030 + 446
688,711,7,489,34,0.01,688,711,688 + 711
283,679,26,1817,133,0.01,283,679,283 + 679
1737,689,9,629,46,0.01,1737,689,1737 + 689
1000,1883,29,2033,126,0.01,1000,1883,1000 + 1883
717,739,17,1200,85,0.01,717,739,717 + 739
145,1721,10,712,64,0.01,145,1721,145 + 1721
2130,270,17,1211,86,0.01,2130,270,2130 + 270
164,275,44,3145,229,0.01,164,275,164 + 275
103,708,5,358,21,0.01,103,708,103 + 708
339,361,11,789,46,0.01,339,361,339 + 361
467,53,7,505,37,0.01,467,53,467 + 53
673,754,14,1012,60,0.01,673,754,673 + 754
1683,673,15,1087,81,0.01,1683,673,1683 + 673
1891,754,10,729,50,0.01,1891,754,1891 + 754
369,703,29,2124,164,0.01,369,703,369 + 703
109,323,7,514,38,0.01,109,323,109 + 323
1477,920,14,1030,78,0.01,1477,920,1477 + 920
26,703,3,222,18,0.01,26,703,26 + 703
53,960,3,223,20,0.01,53,960,53 + 960
1541,1713,33,2461,174,0.01,1541,1713,1541 + 1713
120,739,64,4801,294,0.01,120,739,120 + 739
15,2039,17,1276,89,0.01,15,2039,15 + 2039
1112,961,4,301,20,0.01,1112,961,1112 + 961
365,440,19,1430,120,0.01,365,440,365 + 440
1722,1800,16,1209,87,0.01,1722,1800,1722 + 1800
1890,2091,36,2726,178,0.01,1890,2091,1890 + 2091
124,98,4,304,18,0.01,124,98,124 + 98
2058,375,4,304,22,0.01,2058,375,2058 + 375
28,51,3,228,19,0.01,28,51,28 + 51
1732,1751,33,2509,173,0.01,1732,1751,1732 + 1751
1444,57,18,1369,112,0.01,1444,57,1444 + 57
1716,904,8,609,40,0.01,1716,904,1716 + 904
236,735,14,1067,63,0.01,236,735,236 + 735
904,988,4,307,18,0.01,904,988,904 + 988
1718,2040,8,615,57,0.01,1718,2040,1718 + 2040
1444,1517,9,693,49,0.01,1444,1517,1444 + 1517
1507,422,23,1779,123,0.01,1507,422,1507 + 422
1730,2047,6,467,39,0.01,1730,2047,1730 + 2047
185,468,25,1946,138,0.01,185,468,185 + 468
1503,255,8,624,50,0.01,1503,255,1503 + 255
375,977,8,625,54,0.01,375,977,375 + 977
1886,64,5,392,42,0.01,1886,64,1886 + 64
120,176,4,316,18,0.01,120,176,120 + 176
1924,469,11,870,65,0.01,1924,469,1924 + 469
1536,2030,45,3577,227,0.01,1536,2030,1536 + 2030
165,1749,31,2469,171,0.01,165,1749,165 + 1749
467,915,31,2502,199,0.01,467,915,467 + 915
2034,255,5,405,39,0.01,2034,255,2034 + 255
120,905,36,2998,174,0.01,120,905,120 + 905
1838,1985,3,250,16,0.01,1838,1985,1838 + 1985
15,976,7,584,36,0.01,15,976,15 + 976
1899,686,20,1671,106,0.01,1899,686,1899 + 686
1737,248,9,757,63,0.01,1737,248,1737 + 248
1503,1607,7,592,55,0.01,1503,1607,1503 + 1607
1730,1894,11,938,79,0.01,1730,1894,1730 + 1894
1900,731,6,518,37,0.01,1900,731,1900 + 731
281,299,9,778,61,0.01,281,299,281 + 299
1883,983,9,780,54,0.01,1883,983,1883 + 983
2058,216,9,781,51,0.01,2058,216,2058 + 216
2130,296,12,1046,74,0.01,2130,296,2130 + 296
1112,182,11,960,60,0.01,1112,182,1112 + 182
1892,980,4,354,23,0.01,1892,980,1892 + 980
1112,146,17,1509,128,0.01,1112,146,1112 + 146
1051,1895,16,1429,103,0.01,1051,1895,1051 + 1895
2048,469,33,2950,194,0.01,2048,469,2048 + 469
1594,958,5,448,39,0.01,1594,958,1594 + 958
1890,467,46,4127,262,0.01,1890,467,1890 + 467
1890,916,9,810,54,0.01,1890,916,1890 + 916
251,990,7,631,51,0.01,251,990,251 + 990
1890,339,8,724,45,0.01,1890,339,1890 + 339
1721,1899,25,2266,151,0.01,1721,1899,1721 + 1899
1714,221,13,1179,82,0.01,1714,221,1714 + 221
164,779,34,3088,222,0.01,164,779,164 + 779
120,431,27,2458,190,0.01,120,431,120 + 431
1000,1903,21,1916,145,0.01,1000,1903,1000 + 1903
1503,1727,31,2832,204,0.01,1503,1727,1503 + 1727
281,951,3,276,23,0.01,281,951,281 + 951
193,224,32,2948,206,0.01,193,224,193 + 224
1928,243,12,1107,94,0.01,1928,243,1928 + 243
1000,1749,36,3328,233,0.01,1000,1749,1000 + 1749
677,753,8,741,61,0.01,677,753,677 + 753
2052,317,7,653,47,0.01,2052,317,2052 + 317
1506,440,13,1224,95,0.01,1506,440,1506 + 440
1802,697,3,283,21,0.01,1802,697,1802 + 697
1065,2068,6,570,55,0.01,1065,2068,1065 + 2068
1088,711,14,1343,101,0.01,1088,711,1088 + 711
296,406,20,1965,113,0.01,296,406,296 + 406
1732,1888,36,3549,271,0.01,1732,1888,1732 + 1888
1425,271,27,2693,207,0.01,1425,271,1425 + 271
1088,146,24,2409,204,0.01,1088,146,1088 + 146
1074,754,9,911,52,0.01,1074,754,1074 + 754
2050,895,6,617,41,0.01,2050,895,2050 + 895
703,779,31,3188,239,0.01,703,779,703 + 779
15,1894,12,1239,102,0.01,15,1894,15 + 1894
2043,961,5,517,46,0.01,2043,961,2043 + 961
1740,2106,18,1883,123,0.01,1740,2106,1740 + 2106
2043,344,4,422,34,0.01,2043,344,2043 + 344
2047,400,4,422,31,0.01,2047,400,2047 + 400
2058,270,5,528,36,0.01,2058,270,2058 + 270
145,1711,9,955,75,0.01,145,1711,145 + 1711
1883,672,5,532,31,0.01,1883,672,1883 + 672
1800,735,11,1177,77,0.01,1800,735,1800 + 735
1499,962,2,214,14,0.01,1499,962,1499 + 962
103,111,9,966,82,0.01,103,111,103 + 111
1497,210,18,1952,111,0.01,1497,210,1497 + 210
136,695,16,1761,140,0.01,136,695,136 + 695
278,905,13,1453,107,0.01,278,905,278 + 905
389,727,7,796,63,0.01,389,727,389 + 727
1607,1720,5,569,51,0.01,1607,1720,1607 + 1720
1944,2048,14,1594,122,0.01,1944,2048,1944 + 2048
1495,1507,21,2403,154,0.01,1495,1507,1495 + 1507
363,919,5,580,40,0.01,363,919,363 + 919
1749,1883,16,1862,143,0.01,1749,1883,1749 + 1883
111,1725,13,1518,107,0.01,111,1725,111 + 1725
1740,2046,19,2229,149,0.01,1740,2046,1740 + 2046
278,937,2,237,24,0.01,278,937,278 + 937
1725,417,6,714,57,0.01,1725,417,1725 + 417
1884,922,5,595,25,0.01,1884,922,1884 + 922
103,1725,6,717,51,0.01,103,1725,103 + 1725
1944,901,2,240,20,0.01,1944,901,1944 + 901
1742,452,7,843,72,0.01,1742,452,1742 + 452
1562,1918,7,855,67,0.01,1562,1918,1562 + 1918
376,711,5,613,47,0.01,376,711,376 + 711
779,84,22,2735,187,0.01,779,84,779 + 84
2032,976,4,500,32,0.01,2032,976,2032 + 976
1005,672,4,501,45,0.01,1005,672,1005 + 672
1800,949,6,752,50,0.01,1800,949,1800 + 949
1503,448,17,2138,129,0.01,1503,448,1503 + 448
111,1887,11,1401,112,0.01,111,1887,111 + 1887
1741,452,8,1023,63,0.01,1741,452,1741 + 452
111,1497,13,1665,122,0.01,111,1497,111 + 1497
1718,72,4,521,38,0.01,1718,72,1718 + 72
164,703,21,2748,215,0.01,164,703,164 + 703
1444,185,7,917,65,0.01,1444,185,1444 + 185
1521,330,7,926,82,0.01,1521,330,1521 + 330
1548,1559,5,663,57,0.01,1548,1559,1548 + 1559
238,689,13,1725,110,0.01,238,689,238 + 689
1944,765,6,798,62,0.01,1944,765,1944 + 765
436,782,7,934,76,0.01,436,782,436 + 782
2130,216,5,668,47,0.01,2130,216,2130 + 216
2030,271,17,2277,162,0.01,2030,271,2030 + 271
221,445,5,672,47,0.01,221,445,221 + 445
1885,976,8,1091,65,0.01,1885,976,1885 + 976
1727,255,4,549,45,0.01,1727,255,1727 + 255
136,469,21,2892,182,0.01,136,469,136 + 469
216,270,15,2136,127,0.01,216,270,216 + 270
426,702,3,432,55,0.01,426,702,426 + 702
1134,1800,13,1920,143,0.01,1134,1800,1134 + 1800
1928,238,4,594,50,0.01,1928,238,1928 + 238
2047,399,10,1501,108,0.01,2047,399,2047 + 399
1800,28,6,905,66,0.01,1800,28,1800 + 28
1541,2050,16,2415,177,0.01,1541,2050,1541 + 2050
739,757,31,4719,277,0.01,739,757,739 + 757
1533,673,7,1071,75,0.01,1533,673,1533 + 673
146,1630,14,2154,182,0.01,146,1630,146 + 1630
1838,2039,7,1087,70,0.01,1838,2039,1838 + 2039
1749,1903,14,2196,173,0.01,1749,1903,1749 + 1903
1630,2043,15,2353,197,0.01,1630,2043,1630 + 2043
1502,168,9,1437,98,0.01,1502,168,1502 + 168
1088,1630,14,2241,178,0.01,1088,1630,1088 + 1630
168,956,5,809,61,0.01,168,956,168 + 956
238,243,10,1641,139,0.01,238,243,238 + 243
1721,45,10,1654,150,0.01,1721,45,1721 + 45
146,966,4,663,57,0.01,146,966,146 + 966
1887,1895,6,1019,76,0.01,1887,1895,1887 + 1895
1501,283,24,4118,312,0.01,1501,283,1501 + 283
1495,251,16,2848,204,0.01,1495,251,1495 + 251
458,959,3,534,41,0.01,458,959,458 + 959
1721,89,3,536,49,0.01,1721,89,1721 + 89
270,375,7,1266,82,0.01,270,375,270 + 375
45,686,5,905,63,0.01,45,686,45 + 686
717,757,6,1088,68,0.01,717,757,717 + 757
1714,1723,5,910,80,0.01,1714,1723,1714 + 1723
1088,1112,14,2602,187,0.01,1088,1112,1088 + 1112
304,731,4,744,57,0.01,304,731,304 + 731
1607,1727,8,1491,131,0.01,1607,1727,1607 + 1727
1737,243,5,936,86,0.01,1737,243,1737 + 243
166,216,9,1730,98,0.01,166,216,166 + 216
1425,2066,2,397,32,0.01,1425,2066,1425 + 2066
1005,1903,5,993,73,0.01,1005,1903,1005 + 1903
1889,980,3,605,33,0.0,1889,980,1889 + 980
1915,271,12,2449,180,0.0,1915,271,1915 + 271
15,399,10,2073,154,0.0,15,399,15 + 399
120,717,6,1261,88,0.0,120,717,120 + 717
121,2046,12,2532,158,0.0,121,2046,121 + 2046
1000,1508,12,2543,158,0.0,1000,1508,1000 + 1508
1073,111,1,212,26,0.0,1073,111,1073 + 111
739,905,13,2777,151,0.0,739,905,739 + 905
1517,185,8,1730,112,0.0,1517,185,1517 + 185
757,905,14,3146,190,0.0,757,905,757 + 905
3,970,2,455,30,0.0,3,970,3 + 970
431,739,9,2072,156,0.0,431,739,431 + 739
397,64,5,1165,83,0.0,397,64,397 + 64
1853,224,7,1645,130,0.0,1853,224,1853 + 224
1727,680,4,978,68,0.0,1727,680,1727 + 680
1894,2039,2,508,37,0.0,1894,2039,1894 + 2039
1444,1715,6,1539,119,0.0,1444,1715,1444 + 1715
1508,1903,2,521,33,0.0,1508,1903,1508 + 1903
1110,686,2,527,38,0.0,1110,686,1110 + 686
363,714,8,2125,151,0.0,363,714,363 + 714
2058,406,1,266,18,0.0,2058,406,2058 + 406
124,2045,1,267,24,0.0,124,2045,124 + 2045
1134,3,4,1077,73,0.0,1134,3,1134 + 3
468,978,2,563,49,0.0,468,978,468 + 978
361,916,2,565,45,0.0,361,916,361 + 916
179,952,2,579,51,0.0,179,952,179 + 952
1715,468,3,895,72,0.0,1715,468,1715 + 468
304,317,8,2421,167,0.0,304,317,304 + 317
1742,2106,2,611,50,0.0,1742,2106,1742 + 2106
216,296,6,1872,125,0.0,216,296,216 + 296
2130,323,2,627,40,0.0,2130,323,2130 + 323
406,977,3,945,47,0.0,406,977,406 + 977
1761,458,2,640,56,0.0,1761,458,1761 + 458
1892,221,5,1619,112,0.0,1892,221,1892 + 221
1761,363,2,650,58,0.0,1761,363,1761 + 363
1434,2037,1,325,22,0.0,1434,2037,1434 + 2037
1051,111,3,983,84,0.0,1051,111,1051 + 111
243,389,5,1644,149,0.0,243,389,243 + 389
1544,1898,1,338,29,0.0,1544,1898,1544 + 1898
389,689,4,1360,98,0.0,389,689,389 + 689
1710,970,2,687,49,0.0,1710,970,1710 + 970
1508,1883,4,1399,77,0.0,1508,1883,1508 + 1883
248,389,4,1409,115,0.0,248,389,248 + 389
1051,1887,4,1442,99,0.0,1051,1887,1051 + 1887
2068,779,1,378,39,0.0,2068,779,2068 + 779
339,467,3,1161,78,0.0,339,467,339 + 467
1713,895,1,394,26,0.0,1713,895,1713 + 895
1710,735,5,1993,115,0.0,1710,735,1710 + 735
1715,57,4,1619,110,0.0,1715,57,1715 + 57
1501,299,8,3242,228,0.0,1501,299,1501 + 299
1749,672,4,1747,130,0.0,1749,672,1749 + 672
123,702,1,445,41,0.0,123,702,123 + 702
1944,695,2,931,66,0.0,1944,695,1944 + 695
1538,1714,4,1870,155,0.0,1538,1714,1538 + 1714
1890,960,2,952,58,0.0,1890,960,1890 + 960
1913,2064,2,1006,68,0.0,1913,2064,1913 + 2064
137,689,1,515,48,0.0,137,689,137 + 689
1838,399,3,1601,117,0.0,1838,399,1838 + 399
146,2043,5,2721,231,0.0,146,2043,146 + 2043
1897,2037,1,570,37,0.0,1897,2037,1897 + 2037
1508,1749,4,2334,150,0.0,1508,1749,1508 + 1749
1904,296,1,592,41,0.0,1904,296,1904 + 296
1497,1887,4,2392,145,0.0,1497,1887,1497 + 1887
252,317,3,1871,119,0.0,252,317,252 + 317
1562,685,1,631,46,0.0,1562,685,1562 + 685
1497,1725,4,2652,155,0.0,1497,1725,1497 + 1725
468,57,2,1334,90,0.0,468,57,468 + 57
1720,353,3,2126,138,0.0,1720,353,1720 + 353
1883,1903,2,1436,103,0.0,1883,1903,1883 + 1903
1517,468,2,1512,104,0.0,1517,468,1517 + 468
1005,1883,1,774,50,0.0,1005,1883,1005 + 1883
423,445,1,801,66,0.0,423,445,423 + 445
915,916,1,817,56,0.0,915,916,915 + 916
2058,296,1,826,59,0.0,2058,296,2058 + 296
1506,365,2,1861,153,0.0,1506,365,1506 + 365
1714,445,1,941,74,0.0,1714,445,1714 + 445
166,1904,1,1034,69,0.0,166,1904,166 + 1904
467,916,1,1109,78,0.0,467,916,467 + 916
124,185,2,2287,123,0.0,124,185,124 + 185
248,689,2,2321,163,0.0,248,689,248 + 689
1501,208,3,3723,261,0.0,1501,208,1501 + 208
1517,57,1,1547,99,0.0,1517,57,1517 + 57
1891,673,1,2231,158,0.0,1891,673,1891 + 673
208,299,0,3582,244,0.0,208,299,208 + 299
1727,353,0,3132,214,0.0,1727,353,1727 + 353
1499,677,0,1832,134,0.0,1499,677,1499 + 677
1533,1544,0,1776,142,0.0,1533,1544,1533 + 1544
1709,2032,0,1391,98,0.0,1709,2032,1709 + 2032
133,922,0,1075,62,0.0,133,922,133 + 922
1903,672,0,1004,77,0.0,1903,672,1903 + 672
915,960,0,925,64,0.0,915,960,915 + 960
1709,2039,0,921,59,0.0,1709,2039,1709 + 2039
1497,708,0,809,49,0.0,1497,708,1497 + 708
1032,281,0,789,57,0.0,1032,281,1032 + 281
1500,2037,0,773,56,0.0,1500,2037,1500 + 2037
1112,688,0,746,49,0.0,1112,688,1112 + 688
1513,978,0,676,55,0.0,1513,978,1513 + 978
255,353,0,663,54,0.0,255,353,255 + 353
1538,445,0,627,48,0.0,1538,445,1538 + 445
1761,959,0,591,45,0.0,1761,959,1761 + 959
1928,689,0,524,42,0.0,1928,689,1928 + 689
1741,2106,0,429,23,0.0,1741,2106,1741 + 2106
1023,452,0,413,32,0.0,1023,452,1023 + 452
1533,1898,0,407,34,0.0,1533,1898,1533 + 1898
1716,988,0,359,25,0.0,1716,988,1716 + 988
2042,919,0,304,26,0.0,2042,919,2042 + 919
251,955,0,303,30,0.0,251,955,251 + 955
1712,988,0,302,16,0.0,1712,988,1712 + 988
1531,302,0,250,23,0.0,1531,302,1531 + 302
1924,922,0,213,17,0.0,1924,922,1924 + 922
445,980,0,207,14,0.0,445,980,445 + 980
133,469,-1,3937,252,-0.0,133,469,133 + 469
1719,757,-1,2043,145,-0.0,1719,757,1719 + 757
1800,3,-1,1909,124,-0.0,1800,3,1800 + 3
1733,440,-1,1617,125,-0.0,1733,440,1733 + 440
1719,431,-1,1434,114,-0.0,1719,431,1719 + 431
1723,1892,-1,1200,87,-0.0,1723,1892,1723 + 1892
2032,2047,-1,1067,80,-0.0,2032,2047,2032 + 2047
1517,978,-1,1038,67,-0.0,1517,978,1517 + 978
1533,1683,-2,2070,156,-0.0,1533,1683,1533 + 1683
238,248,-2,2044,140,-0.0,238,248,238 + 248
1065,275,-2,2025,161,-0.0,1065,275,1065 + 275
123,45,-1,958,78,-0.0,123,45,123 + 45
1882,2037,-1,865,58,-0.0,1882,2037,1882 + 2037
363,458,-2,1728,130,-0.0,363,458,363 + 458
103,1887,-1,758,55,-0.0,103,1887,103 + 1887
1683,2035,-2,1466,110,-0.0,1683,2035,1683 + 2035
679,951,-1,723,54,-0.0,679,951,679 + 951
1051,708,-1,703,40,-0.0,1051,708,1051 + 708
168,1716,-3,2075,136,-0.0,168,1716,168 + 1716
1000,435,-1,664,47,-0.0,1000,435,1000 + 435
1559,2040,-1,643,59,-0.0,1559,2040,1559 + 2040
1683,1728,-1,640,47,-0.0,1683,1728,1683 + 1728
1716,956,-2,1128,70,-0.0,1716,956,1716 + 956
1434,1500,-3,1691,111,-0.0,1434,1500,1434 + 1500
1544,673,-2,1089,78,-0.0,1544,673,1544 + 673
1000,983,-1,544,53,-0.0,1000,983,1000 + 983
431,757,-4,2174,164,-0.0,431,757,431 + 757
762,93,-3,1630,135,-0.0,762,93,762 + 93
1051,1725,-2,1049,73,-0.0,1051,1725,1051 + 1725
1740,1742,-3,1572,108,-0.0,1740,1742,1740 + 1742
1505,686,-2,1015,64,-0.0,1505,686,1505 + 686
111,708,-1,496,45,-0.0,111,708,111 + 708
685,782,-1,478,35,-0.0,685,782,685 + 782
779,948,-2,928,56,-0.0,779,948,779 + 948
190,193,-8,3643,245,-0.0,190,193,190 + 193
1725,708,-1,450,25,-0.0,1725,708,1725 + 708
2033,2064,-1,446,39,-0.0,2033,2064,2033 + 2064
166,2058,-1,414,24,-0.0,166,2058,166 + 2058
365,397,-6,2462,196,-0.0,365,397,365 + 397
1477,190,-8,3270,219,-0.0,1477,190,1477 + 190
2069,673,-2,802,55,-0.0,2069,673,2069 + 673
296,375,-4,1595,111,-0.0,296,375,296 + 375
168,1712,-6,2282,156,-0.0,168,1712,168 + 1712
1720,42,-2,750,55,-0.0,1720,42,1720 + 42
1884,2048,-5,1817,99,-0.0,1884,2048,1884 + 2048
2046,2106,-5,1805,130,-0.0,2046,2106,2046 + 2106
2091,339,-2,719,46,-0.0,2091,339,2091 + 339
1536,271,-7,2468,182,-0.0,1536,271,1536 + 271
137,389,-2,703,72,-0.0,137,389,137 + 389
339,915,-1,331,32,-0.0,339,915,339 + 915
1498,198,-7,2299,183,-0.0,1498,198,1498 + 198
29,383,-2,640,48,-0.0,29,383,29 + 383
393,782,-4,1274,93,-0.0,393,782,393 + 782
361,53,-2,625,49,-0.0,361,53,361 + 53
1751,43,-2,603,53,-0.0,1751,43,1751 + 43
426,686,-1,300,27,-0.0,426,686,426 + 686
1630,344,-1,295,23,-0.0,1630,344,1630 + 344
1065,84,-2,589,47,-0.0,1065,84,1065 + 84
762,959,-4,1162,88,-0.0,762,959,762 + 959
1712,1716,-10,2838,178,-0.0,1712,1716,1712 + 1716
1885,1985,-1,277,18,-0.0,1885,1985,1885 + 1985
208,281,-3,825,66,-0.0,208,281,208 + 281
1737,1928,-1,274,21,-0.0,1737,1928,1737 + 1928
2036,445,-1,272,29,-0.0,2036,445,2036 + 445
1607,353,-3,815,58,-0.0,1607,353,1607 + 353
1536,1563,-2,541,39,-0.0,1536,1563,1536 + 1563
689,727,-6,1611,103,-0.0,689,727,689 + 727
1894,2047,-1,268,23,-0.0,1894,2047,1894 + 2047
1434,697,-1,267,20,-0.0,1434,697,1434 + 697
243,761,-1,266,26,-0.0,243,761,243 + 761
1717,458,-9,2391,183,-0.0,1717,458,1717 + 458
1737,238,-2,522,50,-0.0,1737,238,1737 + 238
1924,1944,-1,258,24,-0.0,1924,1944,1924 + 1944
324,417,-3,768,71,-0.0,324,417,324 + 417
1502,1716,-7,1783,117,-0.0,1502,1716,1502 + 1716
1956,198,-1,254,20,-0.0,1956,198,1956 + 198
1507,198,-10,2435,174,-0.0,1507,198,1507 + 198
1088,2043,-11,2655,204,-0.0,1088,2043,1088 + 2043
133,695,-10,2373,179,-0.0,133,695,133 + 695
1023,121,-5,1184,77,-0.0,1023,121,1023 + 121
1110,702,-2,469,60,-0.0,1110,702,1110 + 702
176,278,-2,469,32,-0.0,176,278,176 + 278
2066,29,-1,233,20,-0.0,2066,29,2066 + 29
1888,43,-7,1628,141,-0.0,1888,43,1888 + 43
2059,458,-6,1354,121,-0.0,2059,458,2059 + 458
193,2067,-3,668,62,-0.0,193,2067,193 + 2067
1531,1716,-4,886,71,-0.0,1531,1716,1531 + 1716
1722,970,-2,432,33,-0.0,1722,970,1722 + 970
164,913,-3,647,47,-0.0,164,913,164 + 913
452,699,-4,861,58,-0.0,452,699,452 + 699
128,1900,-2,429,39,-0.0,128,1900,128 + 1900
376,688,-3,639,40,-0.0,376,688,376 + 688
1508,165,-11,2334,129,-0.0,1508,165,1508 + 165
21,739,-6,1254,95,-0.0,21,739,21 + 739
2106,56,-2,414,33,-0.0,2106,56,2106 + 56
1134,735,-2,404,26,-0.0,1134,735,1134 + 735
146,76,-3,605,55,-0.0,146,76,146 + 76
458,762,-9,1800,150,-0.0,458,762,458 + 762
178,317,-4,793,46,-0.01,178,317,178 + 317
1895,210,-2,376,33,-0.01,1895,210,1895 + 210
1562,43,-6,1112,90,-0.01,1562,43,1562 + 43
182,2043,-5,924,71,-0.01,182,2043,182 + 2043
164,84,-12,2205,161,-0.01,164,84,164 + 84
270,977,-7,1283,72,-0.01,270,977,270 + 977
1913,2037,-2,366,24,-0.01,1913,2037,1913 + 2037
1541,891,-5,890,76,-0.01,1541,891,1541 + 891
1894,399,-5,879,70,-0.01,1894,399,1894 + 399
124,468,-8,1401,95,-0.01,124,468,124 + 468
469,765,-5,873,68,-0.01,469,765,469 + 765
1607,2034,-7,1198,105,-0.01,1607,2034,1607 + 2034
1074,1898,-2,335,27,-0.01,1074,1898,1074 + 1898
236,3,-9,1507,99,-0.01,236,3,236 + 3
1088,961,-4,669,58,-0.01,1088,961,1088 + 961
1918,43,-3,500,40,-0.01,1918,43,1918 + 43
1712,956,-10,1659,111,-0.01,1712,956,1712 + 956
1683,1891,-12,1957,150,-0.01,1683,1891,1683 + 1891
686,89,-3,488,44,-0.01,686,89,686 + 89
1477,193,-29,4664,327,-0.01,1477,193,1477 + 193
1112,1630,-9,1438,108,-0.01,1112,1630,1112 + 1630
1713,209,-8,1251,80,-0.01,1713,209,1713 + 209
1503,353,-24,3751,247,-0.01,1503,353,1503 + 353
2046,699,-3,467,41,-0.01,2046,699,2046 + 699
1508,983,-3,463,34,-0.01,1508,983,1508 + 983
1110,1711,-8,1232,92,-0.01,1110,1711,1110 + 1711
146,688,-5,769,72,-0.01,146,688,146 + 688
1501,281,-6,920,76,-0.01,1501,281,1501 + 281
1497,1895,-5,764,60,-0.01,1497,1895,1497 + 1895
57,978,-9,1370,74,-0.01,57,978,57 + 978
198,251,-19,2858,228,-0.01,198,251,198 + 251
2091,2101,-4,596,45,-0.01,2091,2101,2091 + 2101
1134,949,-3,444,30,-0.01,1134,949,1134 + 949
1541,788,-8,1174,89,-0.01,1541,788,1541 + 788
1110,426,-4,584,63,-0.01,1110,426,1110 + 426
1477,1853,-20,2901,223,-0.01,1477,1853,1477 + 1853
270,323,-6,864,53,-0.01,270,323,270 + 323
1502,1712,-12,1716,110,-0.01,1502,1712,1502 + 1712
1712,904,-5,706,42,-0.01,1712,904,1712 + 904
1892,441,-4,558,44,-0.01,1892,441,1892 + 441
1716,302,-12,1669,103,-0.01,1716,302,1716 + 302
1719,21,-6,833,61,-0.01,1719,21,1719 + 21
1499,1594,-3,409,31,-0.01,1499,1594,1499 + 1594
1739,2106,-14,1908,146,-0.01,1739,2106,1739 + 2106
1737,727,-4,545,46,-0.01,1737,727,1737 + 727
302,956,-7,935,60,-0.01,302,956,302 + 956
440,64,-4,522,39,-0.01,440,64,440 + 64
190,2067,-3,388,40,-0.01,190,2067,190 + 2067
1000,1005,-15,1937,115,-0.01,1000,1005,1000 + 1005
3,735,-12,1535,97,-0.01,3,735,3 + 735
2047,976,-5,630,44,-0.01,2047,976,2047 + 976
365,64,-6,748,69,-0.01,365,64,365 + 64
2058,323,-4,489,32,-0.01,2058,323,2058 + 323
677,713,-5,605,46,-0.01,677,713,677 + 713
1739,2046,-23,2778,209,-0.01,1739,2046,1739 + 2046
1521,317,-18,2161,147,-0.01,1521,317,1521 + 317
15,1838,-17,2020,146,-0.01,15,1838,15 + 1838
1725,1887,-17,2000,119,-0.01,1725,1887,1725 + 1887
210,708,-6,703,42,-0.01,210,708,210 + 708
1718,958,-8,929,78,-0.01,1718,958,1718 + 958
109,166,-12,1385,105,-0.01,109,166,109 + 166
1727,42,-11,1265,108,-0.01,1727,42,1727 + 42
2059,959,-6,681,55,-0.01,2059,959,2059 + 959
1607,448,-6,677,63,-0.01,1607,448,1607 + 448
1761,919,-2,225,22,-0.01,1761,919,1761 + 919
219,228,-4,444,37,-0.01,219,228,219 + 228
1897,1913,-22,2426,176,-0.01,1897,1913,1897 + 1913
1110,1899,-9,991,69,-0.01,1110,1899,1110 + 1899
1747,208,-3,326,24,-0.01,1747,208,1747 + 208
2050,209,-10,1084,79,-0.01,2050,209,2050 + 209
1032,208,-6,648,48,-0.01,1032,208,1032 + 208
208,998,-5,538,36,-0.01,208,998,208 + 998
182,961,-3,322,29,-0.01,182,961,182 + 961
1088,688,-11,1172,86,-0.01,1088,688,1088 + 688
1508,2044,-4,426,31,-0.01,1508,2044,1508 + 2044
2048,765,-8,851,70,-0.01,2048,765,2048 + 765
951,998,-4,423,19,-0.01,951,998,951 + 998
703,84,-18,1880,147,-0.01,703,84,703 + 84
166,270,-27,2782,159,-0.01,166,270,166 + 270
1727,2034,-25,2566,211,-0.01,1727,2034,1727 + 2034
1739,1741,-10,1025,69,-0.01,1739,1741,1739 + 1741
739,937,-14,1432,89,-0.01,739,937,739 + 937
283,911,-18,1838,142,-0.01,283,911,283 + 911
1074,1533,-11,1117,91,-0.01,1074,1533,1074 + 1533
123,145,-5,504,45,-0.01,123,145,123 + 145
696,979,-2,201,18,-0.01,696,979,696 + 979
166,323,-7,702,51,-0.01,166,323,166 + 323
124,1715,-17,1696,114,-0.01,124,1715,124 + 1715
109,296,-16,1595,123,-0.01,109,296,109 + 296
1444,978,-7,696,47,-0.01,1444,978,1444 + 978
695,765,-5,496,44,-0.01,695,765,695 + 765
77,958,-4,396,35,-0.01,77,958,77 + 958
136,1884,-21,2060,106,-0.01,136,1884,136 + 1884
1882,1913,-29,2820,207,-0.01,1882,1913,1882 + 1913
1032,1501,-8,777,60,-0.01,1032,1501,1032 + 1501
1500,1897,-36,3486,236,-0.01,1500,1897,1500 + 1897
1499,713,-3,290,18,-0.01,1499,713,1499 + 713
1434,1882,-15,1442,86,-0.01,1434,1882,1434 + 1882
1890,2092,-5,478,35,-0.01,1890,2092,1890 + 2092
1730,1838,-12,1143,86,-0.01,1730,1838,1730 + 1838
1903,983,-11,1046,87,-0.01,1903,983,1903 + 983
1683,1898,-4,380,33,-0.01,1683,1898,1683 + 1898
1741,2046,-10,946,62,-0.01,1741,2046,1741 + 2046
1434,1897,-15,1417,84,-0.01,1434,1897,1434 + 1897
1915,446,-3,283,28,-0.01,1915,446,1915 + 446
2068,703,-3,283,29,-0.01,2068,703,2068 + 703
1838,976,-7,660,37,-0.01,1838,976,1838 + 976
1005,1749,-21,1978,139,-0.01,1005,1749,1005 + 1749
1499,72,-3,282,17,-0.01,1499,72,1499 + 72
133,934,-6,563,47,-0.01,133,934,133 + 934
2034,386,-5,464,37,-0.01,2034,386,2034 + 386
185,978,-19,1759,103,-0.01,185,978,185 + 978
1730,2032,-12,1110,83,-0.01,1730,2032,1730 + 2032
1434,1736,-10,917,59,-0.01,1434,1736,1434 + 1736
1902,696,-6,548,40,-0.01,1902,696,1902 + 696
179,958,-13,1183,103,-0.01,179,958,179 + 958
1023,1739,-14,1273,108,-0.01,1023,1739,1023 + 1739
1051,1497,-17,1544,98,-0.01,1051,1497,1051 + 1497
1507,990,-7,635,49,-0.01,1507,990,1507 + 990
1882,1897,-39,3535,235,-0.01,1882,1897,1882 + 1897
1074,1728,-9,803,59,-0.01,1074,1728,1074 + 1728
1548,958,-3,267,20,-0.01,1548,958,1548 + 958
2043,76,-8,710,58,-0.01,2043,76,2043 + 76
2039,399,-10,885,65,-0.01,2039,399,2039 + 399
166,1731,-9,796,60,-0.01,166,1731,166 + 1731
1733,696,-11,961,66,-0.01,1733,696,1733 + 696
1544,1683,-25,2175,171,-0.01,1544,1683,1544 + 1683
1853,193,-39,3340,259,-0.01,1853,193,1853 + 193
238,389,-11,940,69,-0.01,238,389,238 + 389
1736,1913,-8,679,58,-0.01,1736,1913,1736 + 1913
270,296,-33,2769,175,-0.01,270,296,270 + 296
1838,2047,-9,753,50,-0.01,1838,2047,1838 + 2047
1717,1761,-14,1170,89,-0.01,1717,1761,1717 + 1761
757,937,-19,1578,101,-0.01,757,937,757 + 937
251,345,-7,580,64,-0.01,251,345,251 + 345
103,324,-8,661,60,-0.01,103,324,103 + 324
1505,45,-11,907,69,-0.01,1505,45,1505 + 45
281,283,-13,1070,90,-0.01,281,283,281 + 283
1883,2044,-9,738,69,-0.01,1883,2044,1883 + 2044
45,89,-4,328,40,-0.01,45,89,45 + 89
1538,1723,-12,983,89,-0.01,1538,1723,1538 + 1723
1531,219,-5,408,34,-0.01,1531,219,1531 + 219
72,952,-4,325,21,-0.01,72,952,72 + 952
2031,3,-5,406,27,-0.01,2031,3,2031 + 3
1554,920,-4,324,21,-0.01,1554,920,1554 + 920
458,714,-29,2347,192,-0.01,458,714,458 + 714
1531,2084,-4,322,20,-0.01,1531,2084,1531 + 2084
1541,209,-15,1202,79,-0.01,1541,209,1541 + 209
1533,1891,-21,1681,107,-0.01,1533,1891,1533 + 1891
1531,168,-9,718,60,-0.01,1531,168,1531 + 168
219,956,-7,558,37,-0.01,219,956,219 + 956
109,270,-15,1189,90,-0.01,109,270,109 + 270
1732,43,-18,1423,129,-0.01,1732,43,1732 + 43
2092,915,-3,236,19,-0.01,2092,915,2092 + 915
1544,1891,-30,2356,166,-0.01,1544,1891,1544 + 1891
399,976,-13,1017,65,-0.01,399,976,399 + 976
1749,2044,-16,1250,106,-0.01,1749,2044,1749 + 2044
1724,1913,-5,390,37,-0.01,1724,1913,1724 + 1913
386,42,-5,390,31,-0.01,386,42,386 + 42
1110,1721,-15,1164,107,-0.01,1110,1721,1110 + 1721
2035,673,-20,1539,120,-0.01,2035,673,2035 + 673
353,448,-38,2918,177,-0.01,353,448,353 + 448
2084,219,-5,383,27,-0.01,2084,219,2084 + 219
779,969,-5,383,34,-0.01,779,969,779 + 969
2050,891,-11,835,66,-0.01,2050,891,2050 + 891
1505,1711,-23,1735,99,-0.01,1505,1711,1505 + 1711
299,679,-21,1581,112,-0.01,299,679,299 + 679
201,2092,-7,524,42,-0.01,201,2092,201 + 2092
1740,699,-15,1122,77,-0.01,1740,699,1740 + 699
1088,376,-19,1408,100,-0.01,1088,376,1088 + 376
1503,680,-17,1259,82,-0.01,1503,680,1503 + 680
1889,221,-36,2654,149,-0.01,1889,221,1889 + 221
1005,165,-21,1542,90,-0.01,1005,165,1005 + 165
248,727,-22,1615,106,-0.01,248,727,248 + 727
1630,76,-6,439,39,-0.01,1630,76,1630 + 76
1714,441,-10,731,62,-0.01,1714,441,1714 + 441
393,63,-16,1165,92,-0.01,393,63,393 + 63
1720,448,-15,1092,74,-0.01,1720,448,1720 + 448
1712,2084,-4,290,21,-0.01,1712,2084,1712 + 2084
1731,216,-4,290,21,-0.01,1731,216,1731 + 216
56,699,-9,647,42,-0.01,56,699,56 + 699
166,375,-12,854,61,-0.01,166,375,166 + 375
1885,2039,-22,1560,95,-0.01,1885,2039,1885 + 2039
299,998,-7,496,32,-0.01,299,998,299 + 998
271,29,-12,848,67,-0.01,271,29,271 + 29
1502,2084,-4,282,19,-0.01,1502,2084,1502 + 2084
271,383,-17,1197,94,-0.01,271,383,271 + 383
166,977,-15,1047,50,-0.01,166,977,166 + 977
1731,323,-6,418,38,-0.01,1731,323,1731 + 323
349,788,-19,1323,94,-0.01,349,788,349 + 788
1032,283,-11,764,63,-0.01,1032,283,1032 + 283
1749,435,-10,690,48,-0.01,1749,435,1749 + 435
1895,417,-8,552,37,-0.01,1895,417,1895 + 417
198,990,-7,482,37,-0.01,198,990,198 + 990
1736,2033,-14,959,77,-0.01,1736,2033,1736 + 2033
1425,446,-8,545,46,-0.01,1425,446,1425 + 446
271,446,-8,543,41,-0.01,271,446,271 + 446
208,760,-7,472,36,-0.01,208,760,208 + 760
1749,983,-22,1482,104,-0.01,1749,983,1749 + 983
1495,345,-7,471,55,-0.01,1495,345,1495 + 345
711,966,-7,469,32,-0.01,711,966,711 + 966
1554,258,-3,200,18,-0.02,1554,258,1554 + 258
1499,1914,-12,799,55,-0.02,1499,1914,1499 + 1914
168,302,-19,1247,81,-0.02,168,302,168 + 302
124,1517,-19,1243,67,-0.02,124,1517,124 + 1517
677,77,-11,718,61,-0.02,677,77,677 + 77
1506,1733,-22,1430,108,-0.02,1506,1733,1506 + 1733
1853,190,-40,2557,185,-0.02,1853,190,1853 + 190
1500,1736,-27,1723,125,-0.02,1500,1736,1500 + 1736
1885,2032,-32,2040,137,-0.02,1885,2032,1885 + 2032
448,680,-24,1497,86,-0.02,448,680,448 + 680
109,375,-18,1122,88,-0.02,109,375,109 + 375
208,679,-30,1869,121,-0.02,208,679,208 + 679
1533,2035,-22,1369,104,-0.02,1533,2035,1533 + 2035
1889,441,-26,1613,86,-0.02,1889,441,1889 + 441
166,296,-37,2287,149,-0.02,166,296,166 + 296
1505,1899,-28,1728,104,-0.02,1505,1899,1505 + 1899
1885,2047,-28,1726,118,-0.02,1885,2047,1885 + 2047
179,677,-36,2213,175,-0.02,179,677,179 + 677
469,695,-30,1839,136,-0.02,469,695,469 + 695
1712,302,-31,1896,113,-0.02,1712,302,1712 + 302
1713,788,-17,1033,75,-0.02,1713,788,1713 + 788
1563,29,-4,243,11,-0.02,1563,29,1563 + 29
1531,956,-6,364,34,-0.02,1531,956,1531 + 956
2032,399,-22,1329,99,-0.02,2032,399,2032 + 399
1737,947,-6,361,32,-0.02,1737,947,1737 + 947
711,76,-8,481,40,-0.02,711,76,711 + 76
1112,2043,-35,2092,151,-0.02,1112,2043,1112 + 2043
1005,983,-11,649,43,-0.02,1005,983,1005 + 983
1559,1718,-19,1120,99,-0.02,1559,1718,1559 + 1718
123,1711,-20,1177,91,-0.02,123,1711,123 + 1711
1538,221,-24,1398,101,-0.02,1538,221,1538 + 221
1709,2047,-16,932,63,-0.02,1709,2047,1709 + 2047
1065,164,-21,1218,96,-0.02,1065,164,1065 + 164
441,980,-11,637,43,-0.02,441,980,441 + 980
1425,1563,-6,347,32,-0.02,1425,1563,1425 + 1563
1501,679,-37,2139,158,-0.02,1501,679,1501 + 679
1065,948,-4,230,18,-0.02,1065,948,1065 + 948
1916,393,-17,977,65,-0.02,1916,393,1916 + 393
1495,198,-37,2125,162,-0.02,1495,198,1495 + 198
714,959,-21,1205,81,-0.02,714,959,714 + 959
221,902,-7,401,40,-0.02,221,902,221 + 902
224,896,-18,1028,74,-0.02,224,896,224 + 896
458,93,-28,1574,132,-0.02,458,93,458 + 93
1761,714,-21,1180,86,-0.02,1761,714,1761 + 714
2059,93,-13,727,73,-0.02,2059,93,2059 + 93
2042,2059,-16,894,76,-0.02,2042,2059,2042 + 2059
123,1899,-15,838,60,-0.02,123,1899,123 + 1899
1505,426,-10,558,47,-0.02,1505,426,1505 + 426
228,956,-4,223,15,-0.02,228,956,228 + 956
15,1985,-4,222,15,-0.02,15,1985,15 + 1985
1544,754,-10,553,32,-0.02,1544,754,1544 + 754
1434,2033,-12,663,46,-0.02,1434,2033,1434 + 2033
2042,363,-14,772,64,-0.02,2042,363,2042 + 363
1985,2032,-5,275,22,-0.02,1985,2032,1985 + 2032
1886,440,-19,1044,95,-0.02,1886,440,1886 + 440
1544,2069,-11,601,42,-0.02,1544,2069,1544 + 2069
1563,2030,-9,491,32,-0.02,1563,2030,1563 + 2030
1032,299,-11,599,47,-0.02,1032,299,1032 + 299
1500,1882,-85,4627,320,-0.02,1500,1882,1500 + 1882
1717,2059,-36,1950,146,-0.02,1717,2059,1717 + 2059
137,1737,-11,594,61,-0.02,137,1737,137 + 1737
714,762,-54,2904,192,-0.02,714,762,714 + 762
124,57,-43,2309,128,-0.02,124,57,124 + 57
1886,365,-31,1664,151,-0.02,1886,365,1886 + 365
1741,699,-8,429,27,-0.02,1741,699,1741 + 699
1500,1913,-60,3211,233,-0.02,1500,1913,1500 + 1913
1544,1728,-17,909,68,-0.02,1544,1728,1544 + 1728
1005,1508,-30,1596,88,-0.02,1005,1508,1005 + 1508
1732,782,-10,532,48,-0.02,1732,782,1732 + 782
1709,399,-20,1060,73,-0.02,1709,399,1709 + 399
1531,1712,-21,1112,89,-0.02,1531,1712,1531 + 1712
1074,1891,-43,2275,164,-0.02,1074,1891,1074 + 1891
441,902,-9,476,49,-0.02,441,902,441 + 902
124,1444,-20,1056,84,-0.02,124,1444,124 + 1444
123,1721,-29,1530,120,-0.02,123,1721,123 + 1721
166,2130,-14,738,51,-0.02,166,2130,166 + 2130
176,757,-6,316,21,-0.02,176,757,176 + 757
299,760,-5,263,21,-0.02,299,760,299 + 760
1074,673,-35,1837,136,-0.02,1074,673,1074 + 673
1506,397,-53,2753,198,-0.02,1506,397,1506 + 397
146,376,-17,875,76,-0.02,146,376,146 + 376
1739,1742,-24,1235,100,-0.02,1739,1742,1739 + 1742
1888,1916,-19,977,67,-0.02,1888,1916,1888 + 1916
722,788,-16,821,57,-0.02,722,788,722 + 788
224,258,-33,1691,110,-0.02,224,258,224 + 258
1005,435,-7,356,27,-0.02,1005,435,1005 + 435
1594,677,-13,658,59,-0.02,1594,677,1594 + 677
1548,713,-6,302,27,-0.02,1548,713,1548 + 713
2067,920,-5,251,18,-0.02,2067,920,2067 + 920
121,2106,-35,1755,118,-0.02,121,2106,121 + 2106
1544,2035,-33,1636,138,-0.02,1544,2035,1544 + 2035
128,304,-12,594,47,-0.02,128,304,128 + 304
1717,919,-14,692,53,-0.02,1717,919,1717 + 919
1065,369,-18,886,69,-0.02,1065,369,1065 + 369
1731,2058,-6,293,20,-0.02,1731,2058,1731 + 2058
1853,2067,-10,486,50,-0.02,1853,2067,1853 + 2067
916,960,-9,436,26,-0.02,916,960,916 + 960
111,324,-31,1480,125,-0.02,111,324,111 + 324
1000,2044,-16,763,60,-0.02,1000,2044,1000 + 2044
3,51,-12,571,35,-0.02,3,51,3 + 51
1853,896,-21,999,81,-0.02,1853,896,1853 + 896
1548,1718,-23,1094,91,-0.02,1548,1718,1548 + 1718
426,45,-13,618,69,-0.02,426,45,426 + 45
1732,63,-31,1470,127,-0.02,1732,63,1732 + 63
137,947,-6,284,33,-0.02,137,947,137 + 947
1882,697,-23,1085,84,-0.02,1882,697,1882 + 697
1728,754,-7,330,22,-0.02,1728,754,1728 + 754
2058,2130,-17,800,58,-0.02,2058,2130,2058 + 2130
64,696,-12,564,34,-0.02,64,696,64 + 696
1761,762,-21,982,71,-0.02,1761,762,1761 + 762
1725,1734,-8,374,16,-0.02,1725,1734,1725 + 1734
1891,2035,-54,2524,178,-0.02,1891,2035,1891 + 2035
1719,905,-26,1213,95,-0.02,1719,905,1719 + 905
1051,417,-12,559,35,-0.02,1051,417,1051 + 417
209,891,-16,745,52,-0.02,209,891,209 + 891
1548,1594,-13,605,56,-0.02,1548,1594,1548 + 1594
1899,426,-18,836,67,-0.02,1899,426,1899 + 426
1885,399,-51,2356,163,-0.02,1885,399,1885 + 399
2059,714,-43,1973,139,-0.02,2059,714,2059 + 714
145,1505,-8,366,26,-0.02,145,1505,145 + 1505
2048,901,-14,638,46,-0.02,2048,901,2048 + 901
1717,714,-77,3481,228,-0.02,1717,714,1717 + 714
109,2130,-21,946,64,-0.02,109,2130,109 + 2130
2044,672,-11,494,39,-0.02,2044,672,2044 + 672
1718,677,-58,2599,192,-0.02,1718,677,1718 + 677
1853,920,-20,892,80,-0.02,1853,920,1853 + 920
1709,1838,-47,2091,131,-0.02,1709,1838,1709 + 1838
363,93,-24,1067,73,-0.02,363,93,363 + 93
2043,688,-20,888,74,-0.02,2043,688,2043 + 688
281,679,-8,353,25,-0.02,281,679,281 + 679
1502,219,-17,747,65,-0.02,1502,219,1502 + 219
190,896,-24,1051,66,-0.02,190,896,190 + 896
1506,979,-9,392,33,-0.02,1506,979,1506 + 979
1719,278,-16,687,53,-0.02,1719,278,1719 + 278
397,979,-13,558,48,-0.02,397,979,397 + 979
422,990,-13,558,46,-0.02,422,990,422 + 990
2042,458,-31,1330,118,-0.02,2042,458,2042 + 458
21,905,-17,727,54,-0.02,21,905,21 + 905
1928,389,-16,678,54,-0.02,1928,389,1928 + 389
1554,2067,-11,466,41,-0.02,1554,2067,1554 + 2067
1731,1904,-8,338,21,-0.02,1731,1904,1731 + 1904
193,896,-51,2153,153,-0.02,193,896,193 + 896
1501,760,-12,506,37,-0.02,1501,760,1501 + 760
2059,919,-13,548,41,-0.02,2059,919,2059 + 919
1023,699,-15,632,44,-0.02,1023,699,1023 + 699
111,1895,-23,969,89,-0.02,111,1895,111 + 1895
1733,397,-47,1980,149,-0.02,1733,397,1733 + 397
1733,365,-44,1843,151,-0.02,1733,365,1733 + 365
1425,29,-16,670,51,-0.02,1425,29,1425 + 29
236,28,-26,1087,85,-0.02,236,28,236 + 28
1051,210,-24,1003,69,-0.02,1051,210,1051 + 210
165,983,-13,543,41,-0.02,165,983,165 + 983
1538,441,-13,542,44,-0.02,1538,441,1538 + 441
15,1885,-62,2574,177,-0.02,15,1885,15 + 1885
21,431,-21,871,65,-0.02,21,431,21 + 431
1477,258,-63,2599,173,-0.02,1477,258,1477 + 258
133,1884,-61,2505,133,-0.02,133,1884,133 + 1884
1032,679,-5,205,12,-0.02,1032,679,1032 + 679
1731,296,-21,845,63,-0.02,1731,296,1731 + 296
1630,688,-22,885,72,-0.02,1630,688,1630 + 688
1916,436,-11,442,31,-0.02,1916,436,1916 + 436
1506,1886,-37,1478,121,-0.03,1506,1886,1506 + 1886
2043,711,-26,1031,82,-0.03,2043,711,2043 + 711
28,3,-17,672,41,-0.03,28,3,28 + 3
353,680,-49,1933,123,-0.03,353,680,353 + 680
1498,345,-17,668,71,-0.03,1498,345,1498 + 345
905,937,-30,1172,69,-0.03,905,937,905 + 937
1502,228,-22,859,69,-0.03,1502,228,1502 + 228
1884,469,-60,2340,125,-0.03,1884,469,1884 + 469
251,70,-6,233,25,-0.03,251,70,251 + 70
365,696,-23,887,68,-0.03,365,696,365 + 696
1074,1544,-59,2273,174,-0.03,1074,1544,1074 + 1544
1499,179,-55,2095,149,-0.03,1499,179,1499 + 179
179,2040,-24,911,81,-0.03,179,2040,179 + 2040
1548,677,-17,645,55,-0.03,1548,677,1548 + 677
2106,452,-18,682,52,-0.03,2106,452,2106 + 452
1554,193,-25,945,75,-0.03,1554,193,1554 + 193
1065,703,-43,1614,135,-0.03,1065,703,1065 + 703
1717,959,-30,1125,77,-0.03,1717,959,1717 + 959
128,252,-16,599,45,-0.03,128,252,128 + 252
1717,762,-74,2770,188,-0.03,1717,762,1717 + 762
1897,2062,-17,635,46,-0.03,1897,2062,1897 + 2062
397,696,-33,1229,84,-0.03,397,696,397 + 696
1559,179,-27,1003,99,-0.03,1559,179,1559 + 179
1477,896,-52,1902,129,-0.03,1477,896,1477 + 896
1715,978,-26,950,49,-0.03,1715,978,1715 + 978
210,324,-53,1936,131,-0.03,210,324,210 + 324
1630,711,-17,617,54,-0.03,1630,711,1630 + 711
2039,2047,-22,798,53,-0.03,2039,2047,2039 + 2047
1536,446,-11,399,30,-0.03,1536,446,1536 + 446
120,21,-34,1230,95,-0.03,120,21,120 + 21
1913,2062,-17,612,50,-0.03,1913,2062,1913 + 2062
1023,2046,-22,791,74,-0.03,1023,2046,1023 + 2046
1502,1504,-15,539,34,-0.03,1502,1504,1502 + 1504
1915,950,-11,394,29,-0.03,1915,950,1915 + 950
389,761,-7,250,20,-0.03,389,761,389 + 761
1504,1716,-13,462,34,-0.03,1504,1716,1504 + 1716
1731,270,-15,531,33,-0.03,1731,270,1731 + 270
1074,1683,-58,2045,163,-0.03,1074,1683,1074 + 1683
1544,87,-6,211,14,-0.03,1544,87,1544 + 87
2050,788,-29,1019,76,-0.03,2050,788,2050 + 788
1904,2130,-20,702,49,-0.03,1904,2130,1904 + 2130
1088,76,-17,596,53,-0.03,1088,76,1088 + 76
714,93,-48,1681,126,-0.03,714,93,714 + 93
2031,236,-14,490,33,-0.03,2031,236,2031 + 236
735,970,-12,419,28,-0.03,735,970,735 + 970
146,711,-23,803,66,-0.03,146,711,146 + 711
1506,696,-29,1011,62,-0.03,1506,696,1506 + 696
1747,283,-18,627,56,-0.03,1747,283,1747 + 283
1723,441,-45,1567,89,-0.03,1723,441,1723 + 441
1434,2062,-10,348,23,-0.03,1434,2062,1434 + 2062
1600,2050,-16,556,44,-0.03,1600,2050,1600 + 2050
376,76,-8,278,26,-0.03,376,76,376 + 76
711,961,-14,486,35,-0.03,711,961,711 + 961
1736,1897,-34,1175,78,-0.03,1736,1897,1736 + 1897
1709,1885,-88,3039,184,-0.03,1709,1885,1709 + 1885
431,905,-40,1369,102,-0.03,431,905,431 + 905
2067,258,-11,375,33,-0.03,2067,258,2067 + 258
1504,1531,-12,409,32,-0.03,1504,1531,1504 + 1531
221,441,-52,1771,108,-0.03,221,441,221 + 441
1904,2058,-15,508,30,-0.03,1904,2058,1904 + 2058
121,699,-27,913,59,-0.03,121,699,121 + 699
193,258,-80,2700,172,-0.03,193,258,193 + 258
219,302,-14,472,37,-0.03,219,302,219 + 302
1733,979,-13,438,36,-0.03,1733,979,1733 + 979
891,895,-8,269,20,-0.03,891,895,891 + 895
1500,2062,-31,1042,82,-0.03,1500,2062,1500 + 2062
238,727,-45,1500,97,-0.03,238,727,238 + 727
919,959,-12,400,26,-0.03,919,959,919 + 959
1720,2034,-48,1592,134,-0.03,1720,2034,1720 + 2034
1891,2069,-35,1159,82,-0.03,1891,2069,1891 + 2069
1728,2069,-9,298,19,-0.03,1728,2069,1728 + 2069
283,760,-10,331,26,-0.03,283,760,283 + 760
1888,63,-48,1582,139,-0.03,1888,63,1888 + 63
168,228,-23,758,56,-0.03,168,228,168 + 228
209,895,-10,328,23,-0.03,209,895,209 + 895
1712,219,-32,1049,77,-0.03,1712,219,1712 + 219
120,937,-39,1277,78,-0.03,120,937,120 + 937
1554,190,-18,588,50,-0.03,1554,190,1554 + 190
15,1709,-36,1172,94,-0.03,15,1709,15 + 1709
1736,2037,-15,487,31,-0.03,1736,2037,1736 + 2037
1723,221,-63,2038,114,-0.03,1723,221,1723 + 221
121,1742,-24,776,53,-0.03,121,1742,121 + 1742
128,1521,-23,738,58,-0.03,128,1521,128 + 1521
1541,1600,-19,609,51,-0.03,1541,1600,1541 + 1600
1903,2044,-23,737,64,-0.03,1903,2044,1903 + 2044
1838,1885,-95,3040,187,-0.03,1838,1885,1838 + 1885
1538,902,-20,639,50,-0.03,1538,902,1538 + 902
345,422,-10,319,27,-0.03,345,422,345 + 422
1884,1944,-29,925,57,-0.03,1884,1944,1884 + 1944
190,258,-61,1942,121,-0.03,190,258,190 + 258
436,63,-13,413,34,-0.03,436,63,436 + 63
209,213,-44,1397,83,-0.03,209,213,209 + 213
1065,913,-10,315,22,-0.03,1065,913,1065 + 913
1723,1889,-69,2164,133,-0.03,1723,1889,1723 + 1889
735,949,-28,877,45,-0.03,735,949,735 + 949
1563,1915,-10,313,29,-0.03,1563,1915,1563 + 1915
1717,2042,-50,1563,123,-0.03,1717,2042,1717 + 2042
1499,77,-23,718,50,-0.03,1499,77,1499 + 77
672,983,-19,592,49,-0.03,672,983,672 + 983
1887,324,-56,1742,130,-0.03,1887,324,1887 + 324
324,708,-21,652,44,-0.03,324,708,324 + 708
1718,952,-26,807,54,-0.03,1718,952,1718 + 952
1886,397,-50,1551,122,-0.03,1886,397,1886 + 397
1562,1916,-22,682,49,-0.03,1562,1916,1562 + 1916
1110,1505,-28,867,50,-0.03,1110,1505,1110 + 1505
302,904,-15,462,38,-0.03,302,904,302 + 904
1503,2034,-80,2459,188,-0.03,1503,2034,1503 + 2034
1736,1882,-52,1598,111,-0.03,1736,1882,1736 + 1882
2034,448,-65,1980,124,-0.03,2034,448,2034 + 448
1497,1734,-14,425,24,-0.03,1497,1734,1497 + 1734
1761,93,-22,667,54,-0.03,1761,93,1761 + 93
198,345,-21,634,63,-0.03,198,345,198 + 345
209,349,-58,1751,109,-0.03,209,349,209 + 349
1728,1891,-45,1356,87,-0.03,1728,1891,1728 + 1891
1712,228,-26,780,54,-0.03,1712,228,1712 + 228
1499,1718,-78,2330,153,-0.03,1499,1718,1499 + 1718
1498,990,-19,567,45,-0.03,1498,990,1498 + 990
1714,423,-25,744,63,-0.03,1714,423,1714 + 423
1065,779,-48,1428,115,-0.03,1065,779,1065 + 779
1504,168,-27,801,60,-0.03,1504,168,1504 + 168
165,2044,-7,206,25,-0.03,165,2044,165 + 2044
201,53,-10,294,28,-0.03,201,53,201 + 53
1554,1853,-27,790,61,-0.03,1554,1853,1554 + 1853
1536,950,-14,408,31,-0.03,1536,950,1536 + 950
1742,2046,-32,932,81,-0.03,1742,2046,1742 + 2046
63,782,-9,260,24,-0.03,63,782,63 + 782
2091,2092,-9,259,21,-0.03,2091,2092,2091 + 2092
1630,376,-27,776,65,-0.03,1630,376,1630 + 376
1733,1886,-50,1431,121,-0.03,1733,1886,1733 + 1886
1903,435,-12,343,24,-0.03,1903,435,1903 + 435
1531,228,-13,371,27,-0.04,1531,228,1531 + 228
2033,2062,-21,599,52,-0.04,2033,2062,2033 + 2062
228,302,-24,683,47,-0.04,228,302,228 + 302
1503,42,-37,1044,75,-0.04,1503,42,1503 + 42
1892,902,-13,365,26,-0.04,1892,902,1892 + 902
1074,2035,-59,1656,131,-0.04,1074,2035,1074 + 2035
1500,2033,-87,2436,190,-0.04,1500,2033,1500 + 2033
431,717,-16,448,42,-0.04,431,717,431 + 717
1761,2042,-8,224,23,-0.04,1761,2042,1761 + 2042
179,77,-30,837,55,-0.04,179,77,179 + 77
1563,383,-9,251,15,-0.04,1563,383,1563 + 383
1497,324,-74,2061,137,-0.04,1497,324,1497 + 324
2042,714,-43,1195,96,-0.04,2042,714,2042 + 714
1425,950,-17,472,36,-0.04,1425,950,1425 + 950
1716,228,-45,1249,90,-0.04,1716,228,1716 + 228
677,952,-16,444,27,-0.04,677,952,677 + 952
1562,63,-25,693,60,-0.04,1562,63,1562 + 63
445,902,-16,439,39,-0.04,445,902,445 + 902
1477,1554,-30,820,55,-0.04,1477,1554,1477 + 1554
164,948,-25,682,40,-0.04,164,948,164 + 948
1751,63,-21,572,45,-0.04,1751,63,1751 + 63
1502,1531,-34,923,67,-0.04,1502,1531,1502 + 1531
1914,677,-33,894,75,-0.04,1914,677,1914 + 677
1892,423,-23,623,36,-0.04,1892,423,1892 + 423
1882,2062,-36,972,71,-0.04,1882,2062,1882 + 2062
1882,2033,-73,1969,156,-0.04,1882,2033,1882 + 2033
1548,179,-43,1153,91,-0.04,1548,179,1548 + 179
1500,697,-41,1098,86,-0.04,1500,697,1500 + 697
1477,957,-15,401,31,-0.04,1477,957,1477 + 957
1499,1559,-21,560,46,-0.04,1499,1559,1499 + 1559
1725,1895,-43,1140,90,-0.04,1725,1895,1725 + 1895
1134,28,-37,976,67,-0.04,1134,28,1134 + 28
1885,1894,-58,1528,101,-0.04,1885,1894,1885 + 1894
1499,952,-9,237,13,-0.04,1499,952,1499 + 952
2034,692,-12,314,20,-0.04,2034,692,2034 + 692
713,958,-19,497,42,-0.04,713,958,713 + 958
423,902,-15,391,32,-0.04,423,902,423 + 902
1600,1713,-21,546,32,-0.04,1600,1713,1600 + 1713
2040,713,-10,260,21,-0.04,2040,713,2040 + 713
133,901,-28,724,54,-0.04,133,901,133 + 901
209,788,-22,568,35,-0.04,209,788,209 + 788
275,969,-10,258,26,-0.04,275,969,275 + 969
1500,1802,-21,539,40,-0.04,1500,1802,1500 + 1802
198,955,-19,485,43,-0.04,198,955,198 + 955
703,948,-14,356,23,-0.04,703,948,703 + 948
221,980,-14,355,20,-0.04,221,980,221 + 980
2062,697,-21,532,34,-0.04,2062,697,2062 + 697
133,1906,-12,302,22,-0.04,133,1906,133 + 1906
198,70,-16,402,35,-0.04,198,70,198 + 70
417,708,-9,225,12,-0.04,417,708,417 + 708
1709,1894,-47,1174,79,-0.04,1709,1894,1709 + 1894
1600,349,-24,599,41,-0.04,1600,349,1600 + 349
1501,998,-21,524,38,-0.04,1501,998,1501 + 998
15,1730,-46,1146,95,-0.04,15,1730,15 + 1730
2035,2069,-30,744,46,-0.04,2035,2069,2035 + 2069
2092,361,-15,368,32,-0.04,2092,361,2092 + 361
2034,353,-126,3082,225,-0.04,2034,353,2034 + 353
1721,426,-31,758,82,-0.04,1721,426,1721 + 426
2030,29,-45,1096,69,-0.04,2030,29,2030 + 29
1761,2059,-28,679,60,-0.04,1761,2059,1761 + 2059
1074,2069,-36,872,69,-0.04,1074,2069,1074 + 2069
2030,950,-11,266,19,-0.04,2030,950,2030 + 950
147,1733,-43,1035,71,-0.04,147,1733,147 + 1733
1559,1594,-20,481,43,-0.04,1559,1594,1559 + 1594
43,63,-34,813,77,-0.04,43,63,43 + 63
1717,93,-73,1739,127,-0.04,1717,93,1717 + 93
236,970,-12,284,18,-0.04,236,970,236 + 970
1607,255,-9,213,21,-0.04,1607,255,1607 + 255
1112,76,-12,283,25,-0.04,1112,76,1112 + 76
1559,713,-9,212,15,-0.04,1559,713,1559 + 713
1554,957,-15,353,26,-0.04,1554,957,1554 + 957
1718,1914,-48,1127,81,-0.04,1718,1914,1718 + 1914
1498,70,-17,399,35,-0.04,1498,70,1498 + 70
1498,955,-13,300,25,-0.04,1498,955,1498 + 955
198,422,-46,1061,83,-0.04,198,422,198 + 422
208,911,-82,1885,130,-0.04,208,911,208 + 911
1895,324,-32,731,63,-0.04,1895,324,1895 + 324
271,950,-10,227,19,-0.04,271,950,271 + 950
1533,1728,-45,1020,67,-0.04,1533,1728,1533 + 1728
1725,324,-79,1789,121,-0.04,1725,324,1725 + 324
2059,762,-68,1539,116,-0.04,2059,762,2059 + 762
147,365,-22,495,37,-0.04,147,365,147 + 365
1718,179,-138,3102,239,-0.04,1718,179,1718 + 179
123,1505,-36,808,54,-0.04,123,1505,123 + 1505
1723,980,-16,359,25,-0.04,1723,980,1723 + 980
216,977,-29,650,37,-0.04,216,977,216 + 977
1716,219,-25,555,43,-0.05,1716,219,1716 + 219
147,440,-20,443,29,-0.05,147,440,147 + 440
1747,998,-14,308,33,-0.05,1747,998,1747 + 998
1594,713,-24,520,39,-0.05,1594,713,1594 + 713
2064,697,-20,432,32,-0.05,2064,697,2064 + 697
1730,1885,-66,1412,101,-0.05,1730,1885,1730 + 1885
1884,765,-16,342,25,-0.05,1884,765,1884 + 765
1709,1730,-52,1108,79,-0.05,1709,1730,1709 + 1730
695,901,-13,277,20,-0.05,695,901,695 + 901
1600,209,-27,573,42,-0.05,1600,209,1600 + 209
1138,423,-10,212,11,-0.05,1138,423,1138 + 423
1913,2033,-77,1632,131,-0.05,1913,2033,1913 + 2033
2034,42,-55,1154,98,-0.05,2034,42,2034 + 42
1023,2106,-39,817,64,-0.05,1023,2106,1023 + 2106
1853,258,-69,1438,109,-0.05,1853,258,1853 + 258
299,911,-79,1642,114,-0.05,299,911,299 + 911
109,2058,-17,353,25,-0.05,109,2058,109 + 2058
2033,2037,-16,332,22,-0.05,2033,2037,2033 + 2037
1918,63,-15,311,27,-0.05,1918,63,1918 + 63
1533,2069,-25,517,30,-0.05,1533,2069,1533 + 2069
695,922,-18,372,29,-0.05,695,922,695 + 922
1505,1721,-64,1318,81,-0.05,1505,1721,1505 + 1721
1710,2031,-10,204,19,-0.05,1710,2031,1710 + 2031
1600,213,-32,652,40,-0.05,1600,213,1600 + 213
762,919,-27,550,40,-0.05,762,919,762 + 919
2106,699,-34,692,51,-0.05,2106,699,2106 + 699
109,1904,-16,325,26,-0.05,109,1904,109 + 1904
714,919,-33,670,41,-0.05,714,919,714 + 919
1074,87,-18,365,25,-0.05,1074,87,1074 + 87
345,990,-10,202,16,-0.05,345,990,345 + 990
1051,324,-64,1289,94,-0.05,1051,324,1051 + 324
423,441,-38,765,52,-0.05,423,441,423 + 441
2042,93,-42,843,78,-0.05,2042,93,2042 + 93
1913,697,-45,897,67,-0.05,1913,697,1913 + 697
1916,63,-19,378,30,-0.05,1916,63,1916 + 63
128,317,-12,237,15,-0.05,128,317,128 + 317
1710,28,-57,1124,77,-0.05,1710,28,1710 + 28
1802,1897,-17,335,23,-0.05,1802,1897,1802 + 1897
1501,911,-102,2009,146,-0.05,1501,911,1501 + 911
147,696,-31,609,32,-0.05,147,696,147 + 696
1504,1712,-25,489,37,-0.05,1504,1712,1504 + 1712
2042,762,-50,975,80,-0.05,2042,762,2042 + 762
1683,2069,-47,912,71,-0.05,1683,2069,1683 + 2069
219,904,-11,211,18,-0.05,219,904,219 + 904
1563,271,-11,210,19,-0.05,1563,271,1563 + 271
1883,435,-11,210,16,-0.05,1883,435,1883 + 435
1838,1894,-61,1158,78,-0.05,1838,1894,1838 + 1894
124,978,-54,1009,38,-0.05,124,978,124 + 978
2031,735,-11,205,13,-0.05,2031,735,2031 + 735
1722,2031,-19,354,21,-0.05,1722,2031,1722 + 2031
1594,1914,-21,389,33,-0.05,1594,1914,1594 + 1914
179,753,-46,852,69,-0.05,179,753,179 + 753
1500,1724,-31,574,45,-0.05,1500,1724,1500 + 1724
1904,323,-16,294,17,-0.05,1904,323,1904 + 323
1536,29,-55,1007,64,-0.05,1536,29,1536 + 29
1800,2031,-36,656,44,-0.05,1800,2031,1800 + 2031
1507,1956,-15,271,21,-0.06,1507,1956,1507 + 1956
1885,400,-61,1093,66,-0.06,1885,400,1885 + 400
1897,2033,-96,1710,128,-0.06,1897,2033,1897 + 2033
1724,1897,-25,445,37,-0.06,1724,1897,1724 + 1897
754,87,-20,355,23,-0.06,754,87,754 + 87
1914,958,-16,282,19,-0.06,1914,958,1914 + 958
258,896,-68,1194,75,-0.06,258,896,258 + 896
42,680,-25,436,44,-0.06,42,680,42 + 680
1594,179,-53,922,77,-0.06,1594,179,1594 + 179
42,448,-45,774,77,-0.06,42,448,42 + 448
2084,228,-13,221,16,-0.06,2084,228,2084 + 228
353,42,-87,1467,116,-0.06,353,42,353 + 42
1730,399,-37,620,47,-0.06,1730,399,1730 + 399
1594,1718,-64,1072,81,-0.06,1594,1718,1594 + 1718
1736,2062,-14,234,17,-0.06,1736,2062,1736 + 2062
1709,400,-48,800,45,-0.06,1709,400,1709 + 400
193,957,-19,313,29,-0.06,193,957,193 + 957
1884,934,-21,345,23,-0.06,1884,934,1884 + 934
1538,423,-33,541,46,-0.06,1538,423,1538 + 423
1886,696,-21,343,20,-0.06,1886,696,1886 + 696
1747,2072,-15,245,27,-0.06,1747,2072,1747 + 2072
2034,680,-62,1009,70,-0.06,2034,680,2034 + 680
182,376,-32,519,43,-0.06,182,376,182 + 376
179,1914,-65,1053,72,-0.06,179,1914,179 + 1914
1915,29,-41,662,41,-0.06,1915,29,1915 + 29
1897,697,-31,500,36,-0.06,1897,697,1897 + 697
1724,1802,-21,338,21,-0.06,1724,1802,1724 + 1802
440,696,-35,562,42,-0.06,440,696,440 + 696
1434,1913,-25,401,24,-0.06,1434,1913,1434 + 1913
1728,2035,-51,812,64,-0.06,1728,2035,1728 + 2035
1718,713,-31,492,32,-0.06,1718,713,1718 + 713
1884,901,-21,333,23,-0.06,1884,901,1884 + 901
1548,1914,-23,363,34,-0.06,1548,1914,1548 + 1914
1499,2040,-18,284,25,-0.06,1499,2040,1499 + 2040
1714,902,-43,675,52,-0.06,1714,902,1714 + 902
1499,753,-46,714,52,-0.06,1499,753,1499 + 753
363,959,-27,419,30,-0.06,363,959,363 + 959
717,937,-13,200,12,-0.06,717,937,717 + 937
1112,376,-57,876,56,-0.07,1112,376,1112 + 376
51,735,-19,292,17,-0.07,51,735,51 + 735
213,788,-43,660,48,-0.07,213,788,213 + 788
2035,754,-24,368,30,-0.07,2035,754,2035 + 754
1914,713,-19,287,16,-0.07,1914,713,1914 + 713
431,937,-32,483,44,-0.07,431,937,431 + 937
1732,1916,-38,573,42,-0.07,1732,1916,1732 + 1916
2067,957,-14,209,16,-0.07,2067,957,2067 + 957
123,686,-25,373,29,-0.07,123,686,123 + 686
147,979,-16,237,16,-0.07,147,979,147 + 979
70,955,-16,237,19,-0.07,70,955,70 + 955
1886,979,-22,325,23,-0.07,1886,979,1886 + 979
2072,283,-17,250,27,-0.07,2072,283,2072 + 283
1720,680,-36,529,33,-0.07,1720,680,1720 + 680
1734,324,-22,323,15,-0.07,1734,324,1734 + 324
1719,176,-14,205,16,-0.07,1719,176,1719 + 176
1884,695,-47,686,45,-0.07,1884,695,1884 + 695
469,901,-34,490,35,-0.07,469,901,469 + 901
1723,423,-97,1397,86,-0.07,1723,423,1723 + 423
137,761,-14,201,14,-0.07,137,761,137 + 761
1724,1882,-39,559,48,-0.07,1724,1882,1724 + 1882
1802,1882,-28,399,27,-0.07,1802,1882,1802 + 1882
904,956,-29,410,23,-0.07,904,956,904 + 956
1718,753,-62,875,65,-0.07,1718,753,1718 + 753
1718,77,-51,719,52,-0.07,1718,77,1718 + 77
1134,2031,-25,349,34,-0.07,1134,2031,1134 + 2031
1838,400,-58,807,47,-0.07,1838,400,1838 + 400
21,757,-30,415,31,-0.07,21,757,21 + 757
440,979,-24,319,27,-0.08,440,979,440 + 979
1916,43,-22,292,23,-0.08,1916,43,1916 + 43
2043,376,-74,980,75,-0.08,2043,376,2043 + 376
1005,2044,-19,248,30,-0.08,1005,2044,1005 + 2044
179,713,-46,593,45,-0.08,179,713,179 + 713
248,761,-39,502,41,-0.08,248,761,248 + 761
1889,423,-78,1002,68,-0.08,1889,423,1889 + 423
137,727,-16,205,23,-0.08,137,727,137 + 727
2092,467,-36,459,34,-0.08,2092,467,2092 + 467
911,998,-20,255,27,-0.08,911,998,911 + 998
209,722,-33,405,27,-0.08,209,722,209 + 722
1594,952,-20,243,15,-0.08,1594,952,1594 + 952
147,1886,-55,667,38,-0.08,147,1886,147 + 1886
21,937,-23,278,23,-0.08,21,937,21 + 937
221,423,-89,1063,72,-0.08,221,423,221 + 423
1737,761,-25,297,22,-0.08,1737,761,1737 + 761
1501,1747,-49,580,60,-0.08,1501,1747,1501 + 1747
28,949,-22,260,18,-0.08,28,949,28 + 949
673,87,-23,268,16,-0.09,673,87,673 + 87
1747,911,-19,216,22,-0.09,1747,911,1747 + 911
365,979,-21,236,18,-0.09,365,979,365 + 979
1956,251,-18,200,18,-0.09,1956,251,1956 + 251
1944,922,-19,204,12,-0.09,1944,922,1944 + 922
689,761,-43,461,34,-0.09,689,761,689 + 761
238,761,-35,359,26,-0.1,238,761,238 + 761
2033,697,-49,496,39,-0.1,2033,697,2033 + 697
28,735,-57,574,35,-0.1,28,735,28 + 735
753,77,-31,309,28,-0.1,753,77,753 + 77
147,1506,-57,504,27,-0.11,147,1506,147 + 1506
679,911,-117,1022,67,-0.11,679,911,679 + 911
727,761,-52,396,28,-0.13,727,761,727 + 761
147,371,-32,233,12,-0.14,147,371,147 + 371
1733,371,-32,233,12,-0.14,1733,371,1733 + 371
147,397,-83,477,27,-0.17,147,397,147 + 397
1894,400,-75,383,19,-0.2,1894,400,1894 + 400
