player_1,player_2,total_net_points,total_duration,total_stints,impact_per_60
1000,1005,-15,1937,115,-0.007743933918430563
1000,1508,12,2543,158,0.0047188360204482895
1000,165,44,2906,169,0.015141087405368204
1000,1749,36,3328,233,0.010817307692307692
1000,1883,29,2033,126,0.01426463354648303
1000,1903,21,1916,145,0.010960334029227558
1000,2044,-16,763,60,-0.020969855832241154
1000,435,-1,664,47,-0.0015060240963855422
1000,672,41,1489,111,0.027535258562793822
1000,983,-1,544,53,-0.001838235294117647
1005,1508,-30,1596,88,-0.018796992481203006
1005,165,-21,1542,90,-0.013618677042801557
1005,1749,-21,1978,139,-0.010616784630940344
1005,1883,1,774,50,0.0012919896640826874
1005,1903,5,993,73,0.005035246727089627
1005,2044,-19,248,30,-0.07661290322580645
1005,435,-7,356,27,-0.019662921348314606
1005,672,4,501,45,0.007984031936127744
1005,983,-11,649,43,-0.01694915254237288
1023,121,-5,1184,77,-0.004222972972972973
1023,1739,-14,1273,108,-0.010997643362136685
1023,1740,32,1520,111,0.021052631578947368
1023,1741,34,469,29,0.07249466950959488
1023,1742,13,303,29,0.0429042904290429
1023,2046,-22,791,74,-0.02781289506953224
1023,2106,-39,817,64,-0.04773561811505508
1023,442,15,397,26,0.037783375314861464
1023,452,0,413,32,0.0
1023,56,33,269,18,0.12267657992565056
1023,699,-15,632,44,-0.023734177215189875
103,1051,29,604,45,0.048013245033112585
103,1073,17,319,32,0.05329153605015674
103,111,9,966,82,0.009316770186335404
103,1497,17,818,57,0.02078239608801956
103,1725,6,717,51,0.008368200836820083
103,1887,-1,758,55,-0.0013192612137203166
103,1895,15,483,39,0.031055900621118012
103,210,6,409,31,0.014669926650366748
103,324,-8,661,60,-0.012102874432677761
103,417,14,226,16,0.061946902654867256
103,708,5,358,21,0.013966480446927373
1032,1501,-8,777,60,-0.010296010296010296
1032,208,-6,648,48,-0.009259259259259259
1032,281,0,789,57,0.0
1032,283,-11,764,63,-0.014397905759162303
1032,299,-11,599,47,-0.018363939899833055
1032,679,-5,205,12,-0.024390243902439025
1032,951,13,267,20,0.04868913857677903
1051,1073,11,391,24,0.028132992327365727
1051,111,3,983,84,0.003051881993896236
1051,1497,-17,1544,98,-0.011010362694300517
1051,1725,-2,1049,73,-0.0019065776930409914
1051,1887,4,1442,99,0.0027739251040221915
1051,1895,16,1429,103,0.01119664100769769
1051,210,-24,1003,69,-0.023928215353938187
1051,324,-64,1289,94,-0.04965089216446858
1051,417,-12,559,35,-0.02146690518783542
1051,708,-1,703,40,-0.001422475106685633
1065,164,-21,1218,96,-0.017241379310344827
1065,2068,6,570,55,0.010526315789473684
1065,26,15,246,16,0.06097560975609756
1065,275,-2,2025,161,-0.0009876543209876543
1065,369,-18,886,69,-0.020316027088036117
1065,703,-43,1614,135,-0.02664188351920694
1065,779,-48,1428,115,-0.03361344537815126
1065,84,-2,589,47,-0.003395585738539898
1065,913,-10,315,22,-0.031746031746031744
1065,948,-4,230,18,-0.017391304347826087
1073,111,1,212,26,0.0047169811320754715
1073,1887,27,271,17,0.0996309963099631
1073,1895,13,471,29,0.027600849256900213
1073,417,12,328,15,0.036585365853658534
1074,1533,-11,1117,91,-0.009847806624888093
1074,1544,-59,2273,174,-0.025956885173779146
1074,1683,-58,2045,163,-0.028361858190709046
1074,1728,-9,803,59,-0.0112079701120797
1074,1891,-43,2275,164,-0.018901098901098902
1074,1898,-2,335,27,-0.005970149253731343
1074,2035,-59,1656,131,-0.035628019323671496
1074,2069,-36,872,69,-0.04128440366972477
1074,673,-35,1837,136,-0.01905280348394121
1074,754,9,911,52,0.009879253567508232
1074,87,-18,365,25,-0.049315068493150684
1088,1112,14,2602,187,0.005380476556495004
1088,146,24,2409,204,0.009962640099626401
1088,1630,14,2241,178,0.006247211066488175
1088,182,27,1413,102,0.01910828025477707
1088,2043,-11,2655,204,-0.004143126177024482
1088,376,-19,1408,100,-0.013494318181818182
1088,688,-11,1172,86,-0.00938566552901024
1088,711,14,1343,101,0.010424422933730455
1088,76,-17,596,53,-0.028523489932885907
1088,961,-4,669,58,-0.005979073243647235
1088,966,32,1027,80,0.0311587147030185
109,166,-12,1385,105,-0.008664259927797834
109,1904,-16,325,26,-0.04923076923076923
109,2058,-17,353,25,-0.04815864022662889
109,2130,-21,946,64,-0.022198731501057084
109,216,26,967,66,0.02688728024819028
109,270,-15,1189,90,-0.012615643397813289
109,296,-16,1595,123,-0.010031347962382446
109,323,7,514,38,0.013618677042801557
109,375,-18,1122,88,-0.016042780748663103
109,406,49,870,61,0.05632183908045977
109,977,11,610,52,0.018032786885245903
111,1497,13,1665,122,0.007807807807807808
111,1725,13,1518,107,0.008563899868247694
111,1887,11,1401,112,0.007851534618129907
111,1895,-23,969,89,-0.023735810113519093
111,210,30,1090,85,0.027522935779816515
111,324,-31,1480,125,-0.020945945945945947
111,417,9,369,47,0.024390243902439025
111,708,-1,496,45,-0.0020161290322580645
1110,123,15,932,68,0.016094420600858368
1110,145,13,469,45,0.02771855010660981
1110,1505,-28,867,50,-0.03229527104959631
1110,1711,-8,1232,92,-0.006493506493506494
1110,1721,-15,1164,107,-0.01288659793814433
1110,1899,-9,991,69,-0.009081735620585268
1110,426,-4,584,63,-0.00684931506849315
1110,45,22,646,60,0.034055727554179564
1110,686,2,527,38,0.003795066413662239
1110,702,-2,469,60,-0.0042643923240938165
1112,146,17,1509,128,0.01126573889993373
1112,1630,-9,1438,108,-0.006258692628650904
1112,182,11,960,60,0.011458333333333333
1112,2043,-35,2092,151,-0.016730401529636712
1112,376,-57,876,56,-0.06506849315068493
1112,688,0,746,49,0.0
1112,711,14,836,60,0.01674641148325359
1112,76,-12,283,25,-0.04240282685512368
1112,961,4,301,20,0.013289036544850499
1112,966,23,320,25,0.071875
1134,1710,37,1938,137,0.019091847265221878
1134,1722,40,820,61,0.04878048780487805
1134,1800,13,1920,143,0.0067708333333333336
1134,2031,-25,349,34,-0.07163323782234957
1134,236,36,1543,115,0.023331173039533377
1134,28,-37,976,67,-0.03790983606557377
1134,3,4,1077,73,0.003714020427112349
1134,51,16,370,33,0.043243243243243246
1134,735,-2,404,26,-0.0049504950495049506
1134,949,-3,444,30,-0.006756756756756757
1134,970,21,251,21,0.08366533864541832
1138,1714,28,438,35,0.0639269406392694
1138,1723,10,375,25,0.02666666666666667
1138,1889,33,381,31,0.08661417322834646
1138,1892,9,589,47,0.015280135823429542
1138,221,23,418,31,0.05502392344497608
1138,423,-10,212,11,-0.04716981132075472
120,1719,51,1539,114,0.03313840155945419
120,176,4,316,18,0.012658227848101266
120,21,-34,1230,95,-0.027642276422764227
120,278,89,2051,143,0.04339346660165773
120,431,27,2458,190,0.010984540276647681
120,717,6,1261,88,0.004758128469468675
120,739,64,4801,294,0.013330556134138721
120,757,67,4615,275,0.014517876489707475
120,905,36,2998,174,0.01200800533689126
120,937,-39,1277,78,-0.030540328895849646
121,1739,47,3178,197,0.014789175582127124
121,1740,90,2999,173,0.030010003334444816
121,1741,14,898,55,0.015590200445434299
121,1742,-24,776,53,-0.030927835051546393
121,2046,12,2532,158,0.004739336492890996
121,2106,-35,1755,118,-0.019943019943019943
121,442,17,331,21,0.0513595166163142
121,452,70,2123,123,0.03297220913801225
121,56,105,927,54,0.11326860841423948
121,699,-27,913,59,-0.029572836801752465
123,145,-5,504,45,-0.00992063492063492
123,1505,-36,808,54,-0.04455445544554455
123,1711,-20,1177,91,-0.016992353440951572
123,1721,-29,1530,120,-0.01895424836601307
123,1899,-15,838,60,-0.017899761336515514
123,426,9,580,48,0.015517241379310345
123,45,-1,958,78,-0.0010438413361169101
123,686,-25,373,29,-0.06702412868632708
123,702,1,445,41,0.0022471910112359553
123,89,6,207,18,0.028985507246376812
124,1444,-20,1056,84,-0.01893939393939394
124,1513,38,1041,75,0.03650336215177714
124,1517,-19,1243,67,-0.015285599356395816
124,1715,-17,1696,114,-0.010023584905660377
124,185,2,2287,123,0.0008745080891998251
124,2045,1,267,24,0.003745318352059925
124,468,-8,1401,95,-0.005710206995003569
124,57,-43,2309,128,-0.01862278042442616
124,978,-54,1009,38,-0.053518334985133795
124,98,4,304,18,0.013157894736842105
128,1521,-23,738,58,-0.03116531165311653
128,1900,-2,429,39,-0.004662004662004662
128,252,-16,599,45,-0.02671118530884808
128,304,-12,594,47,-0.020202020202020204
128,317,-12,237,15,-0.05063291139240506
133,136,79,3692,234,0.021397616468039005
133,1884,-61,2505,133,-0.024351297405189622
133,1906,-12,302,22,-0.039735099337748346
133,1924,41,1066,81,0.038461538461538464
133,1944,29,1861,134,0.015583019881783988
133,2048,87,3617,255,0.024053082665192148
133,469,-1,3937,252,-0.000254000508001016
133,695,-10,2373,179,-0.004214075010535188
133,765,20,994,77,0.02012072434607646
133,901,-28,724,54,-0.03867403314917127
133,922,0,1075,62,0.0
133,934,-6,563,47,-0.010657193605683837
136,1884,-21,2060,106,-0.010194174757281554
136,1924,50,754,68,0.06631299734748011
136,1944,29,941,61,0.030818278427205102
136,2048,122,2135,146,0.05714285714285714
136,469,21,2892,182,0.007261410788381743
136,695,16,1761,140,0.009085746734809767
136,765,24,684,50,0.03508771929824561
136,922,25,752,41,0.03324468085106383
137,1737,-11,594,61,-0.018518518518518517
137,1928,25,544,49,0.04595588235294118
137,238,20,744,79,0.026881720430107527
137,243,27,1330,130,0.02030075187969925
137,248,37,1058,102,0.03497164461247637
137,389,-2,703,72,-0.002844950213371266
137,689,1,515,48,0.001941747572815534
137,727,-16,205,23,-0.07804878048780488
137,761,-14,201,14,-0.06965174129353234
137,947,-6,284,33,-0.02112676056338028
1425,1536,61,3873,268,0.015750064549444876
1425,1563,-6,347,32,-0.01729106628242075
1425,1915,86,3849,269,0.022343465835281892
1425,2030,78,3607,247,0.02162461879678403
1425,2066,2,397,32,0.005037783375314861
1425,271,27,2693,207,0.010025993316004456
1425,29,-16,670,51,-0.023880597014925373
1425,383,62,2136,151,0.02902621722846442
1425,446,-8,545,46,-0.014678899082568808
1425,950,-17,472,36,-0.036016949152542374
1434,1500,-3,1691,111,-0.0017740981667652277
1434,1736,-10,917,59,-0.010905125408942203
1434,1882,-15,1442,86,-0.010402219140083218
1434,1897,-15,1417,84,-0.01058574453069866
1434,1913,-25,401,24,-0.06234413965087282
1434,2033,-12,663,46,-0.01809954751131222
1434,2037,1,325,22,0.003076923076923077
1434,2062,-10,348,23,-0.028735632183908046
1434,2064,20,401,27,0.04987531172069826
1434,697,-1,267,20,-0.003745318352059925
1444,1513,30,1310,99,0.022900763358778626
1444,1517,9,693,49,0.012987012987012988
1444,1715,6,1539,119,0.003898635477582846
1444,185,7,917,65,0.007633587786259542
1444,2045,33,632,51,0.05221518987341772
1444,468,27,1149,88,0.02349869451697128
1444,57,18,1369,112,0.013148283418553688
1444,978,-7,696,47,-0.010057471264367816
145,1505,-8,366,26,-0.02185792349726776
145,1711,9,955,75,0.009424083769633508
145,1721,10,712,64,0.014044943820224719
145,1899,16,467,31,0.034261241970021415
145,45,5,293,22,0.017064846416382253
145,686,5,209,15,0.023923444976076555
146,1630,14,2154,182,0.0064995357474466105
146,182,27,789,65,0.034220532319391636
146,2043,5,2721,231,0.0018375597206909224
146,344,9,359,26,0.025069637883008356
146,376,-17,875,76,-0.019428571428571427
146,688,-5,769,72,-0.006501950585175552
146,693,25,243,23,0.102880658436214
146,711,-23,803,66,-0.028642590286425903
146,76,-3,605,55,-0.0049586776859504135
146,961,11,485,43,0.02268041237113402
146,966,4,663,57,0.006033182503770739
147,1506,-57,504,27,-0.1130952380952381
147,1733,-43,1035,71,-0.04154589371980676
147,1886,-55,667,38,-0.08245877061469266
147,1902,15,458,29,0.03275109170305677
147,365,-22,495,37,-0.044444444444444446
147,371,-32,233,12,-0.13733905579399142
147,397,-83,477,27,-0.1740041928721174
147,440,-20,443,29,-0.045146726862302484
147,696,-31,609,32,-0.05090311986863711
147,979,-16,237,16,-0.06751054852320675
1477,1554,-30,820,55,-0.036585365853658534
1477,1853,-20,2901,223,-0.006894174422612892
1477,190,-8,3270,219,-0.0024464831804281344
1477,193,-29,4664,327,-0.006217838765008576
1477,2067,13,434,34,0.029953917050691243
1477,224,40,2513,179,0.01591723040191007
1477,258,-63,2599,173,-0.024240092343208928
1477,896,-52,1902,129,-0.027339642481598318
1477,920,14,1030,78,0.013592233009708738
1477,957,-15,401,31,-0.03740648379052369
1495,1498,43,2119,160,0.020292590844738084
1495,1507,21,2403,154,0.008739076154806492
1495,198,-37,2125,162,-0.017411764705882352
1495,251,16,2848,204,0.0056179775280898875
1495,345,-7,471,55,-0.014861995753715499
1495,422,23,1296,83,0.017746913580246913
1497,1725,4,2652,155,0.0015082956259426848
1497,1734,-14,425,24,-0.03294117647058824
1497,1887,4,2392,145,0.0016722408026755853
1497,1895,-5,764,60,-0.006544502617801047
1497,210,18,1952,111,0.009221311475409836
1497,324,-74,2061,137,-0.035904900533721494
1497,417,31,640,51,0.0484375
1497,708,0,809,49,0.0
1498,1507,62,2316,159,0.02677029360967185
1498,198,-7,2299,183,-0.003044802087864289
1498,251,60,2801,219,0.021420921099607283
1498,345,-17,668,71,-0.025449101796407185
1498,422,43,875,62,0.04914285714285714
1498,70,-17,399,35,-0.042606516290726815
1498,764,16,419,33,0.03818615751789976
1498,955,-13,300,25,-0.043333333333333335
1498,990,-19,567,45,-0.03350970017636684
1499,1548,8,258,22,0.031007751937984496
1499,1559,-21,560,46,-0.0375
1499,1594,-3,409,31,-0.007334963325183374
1499,1718,-78,2330,153,-0.03347639484978541
1499,179,-55,2095,149,-0.026252983293556086
1499,1914,-12,799,55,-0.015018773466833541
1499,2040,-18,284,25,-0.06338028169014084
1499,677,0,1832,134,0.0
1499,713,-3,290,18,-0.010344827586206896
1499,72,-3,282,17,-0.010638297872340425
1499,753,-46,714,52,-0.06442577030812324
1499,77,-23,718,50,-0.03203342618384401
1499,952,-9,237,13,-0.0379746835443038
1499,958,17,438,33,0.03881278538812785
1499,962,2,214,14,0.009345794392523364
15,1709,-36,1172,94,-0.030716723549488054
15,1730,-46,1146,95,-0.04013961605584642
15,1838,-17,2020,146,-0.008415841584158416
15,1885,-62,2574,177,-0.024087024087024088
15,1894,12,1239,102,0.009685230024213076
15,1985,-4,222,15,-0.018018018018018018
15,2032,33,1953,144,0.016897081413210446
15,2039,17,1276,89,0.013322884012539185
15,2047,32,1131,83,0.028293545534924844
15,399,10,2073,154,0.00482392667631452
15,400,18,422,29,0.04265402843601896
15,976,7,584,36,0.011986301369863013
1500,1724,-31,574,45,-0.05400696864111498
1500,1736,-27,1723,125,-0.01567034242600116
1500,1802,-21,539,40,-0.03896103896103896
1500,1882,-85,4627,320,-0.01837043440674303
1500,1897,-36,3486,236,-0.010327022375215147
1500,1913,-60,3211,233,-0.018685767673621925
1500,2033,-87,2436,190,-0.03571428571428571
1500,2037,0,773,56,0.0
1500,2062,-31,1042,82,-0.029750479846449136
1500,2064,29,1171,79,0.024765157984628524
1500,697,-41,1098,86,-0.037340619307832425
1501,1747,-49,580,60,-0.08448275862068966
1501,2038,23,556,34,0.04136690647482014
1501,208,3,3723,261,0.0008058017727639
1501,281,-6,920,76,-0.006521739130434782
1501,283,24,4118,312,0.005828071879553181
1501,299,8,3242,228,0.0024676125848241827
1501,679,-37,2139,158,-0.01729780271154745
1501,760,-12,506,37,-0.023715415019762844
1501,911,-102,2009,146,-0.0507715281234445
1501,951,56,1349,94,0.04151223128243143
1501,998,-21,524,38,-0.04007633587786259
1502,1504,-15,539,34,-0.027829313543599257
1502,1531,-34,923,67,-0.03683640303358613
1502,168,9,1437,98,0.006263048016701462
1502,1712,-12,1716,110,-0.006993006993006993
1502,1716,-7,1783,117,-0.003925967470555244
1502,2084,-4,282,19,-0.014184397163120567
1502,219,-17,747,65,-0.022757697456492636
1502,228,-22,859,69,-0.025611175785797437
1502,302,11,714,48,0.015406162464985995
1502,682,8,260,21,0.03076923076923077
1502,904,22,334,26,0.0658682634730539
1503,1607,7,592,55,0.011824324324324325
1503,1720,45,2336,163,0.019263698630136987
1503,1727,31,2832,204,0.010946327683615819
1503,2034,-80,2459,188,-0.032533550223668155
1503,255,8,624,50,0.01282051282051282
1503,353,-24,3751,247,-0.006398293788323114
1503,386,32,915,63,0.034972677595628415
1503,42,-37,1044,75,-0.035440613026819924
1503,448,17,2138,129,0.007951356407857811
1503,680,-17,1259,82,-0.013502779984114376
1504,1531,-12,409,32,-0.029339853300733496
1504,168,-27,801,60,-0.033707865168539325
1504,1712,-25,489,37,-0.05112474437627812
1504,1716,-13,462,34,-0.02813852813852814
1505,1711,-23,1735,99,-0.013256484149855908
1505,1721,-64,1318,81,-0.048558421851289835
1505,1899,-28,1728,104,-0.016203703703703703
1505,426,-10,558,47,-0.017921146953405017
1505,45,-11,907,69,-0.012127894156560088
1505,686,-2,1015,64,-0.0019704433497536944
1506,1733,-22,1430,108,-0.015384615384615385
1506,1886,-37,1478,121,-0.02503382949932341
1506,1902,31,761,63,0.040735873850197106
1506,365,2,1861,153,0.0010746910263299302
1506,397,-53,2753,198,-0.01925172539048311
1506,440,13,1224,95,0.010620915032679739
1506,64,16,954,68,0.016771488469601678
1506,696,-29,1011,62,-0.028684470820969338
1506,979,-9,392,33,-0.02295918367346939
1507,1956,-15,271,21,-0.055350553505535055
1507,198,-10,2435,174,-0.004106776180698152
1507,251,49,3244,227,0.015104808877928484
1507,422,23,1779,123,0.012928611579539067
1507,764,24,505,33,0.047524752475247525
1507,990,-7,635,49,-0.011023622047244094
1508,165,-11,2334,129,-0.004712939160239932
1508,1749,4,2334,150,0.001713796058269066
1508,1883,4,1399,77,0.0028591851322373124
1508,1903,2,521,33,0.003838771593090211
1508,2044,-4,426,31,-0.009389671361502348
1508,672,25,733,58,0.034106412005457026
1508,983,-3,463,34,-0.0064794816414686825
1509,1749,18,236,15,0.07627118644067797
1513,1517,19,1025,79,0.018536585365853658
1513,1715,53,1637,123,0.032376298106292
1513,185,82,1847,135,0.04439631835408771
1513,2045,45,528,44,0.08522727272727272
1513,468,24,1637,123,0.014660965180207697
1513,57,43,1454,114,0.029573590096286108
1513,978,0,676,55,0.0
1517,185,8,1730,112,0.004624277456647399
1517,468,2,1512,104,0.0013227513227513227
1517,57,1,1547,99,0.0006464124111182935
1517,978,-1,1038,67,-0.0009633911368015414
1521,178,56,1880,116,0.029787234042553193
1521,1900,35,1822,133,0.019209659714599342
1521,2052,68,1483,100,0.045853000674308836
1521,252,90,3538,232,0.025438100621820236
1521,304,60,4060,282,0.014778325123152709
1521,317,-18,2161,147,-0.008329477093937991
1521,330,7,926,82,0.00755939524838013
1521,731,15,761,57,0.01971090670170828
1521,935,13,374,29,0.034759358288770054
1531,168,-9,718,60,-0.012534818941504178
1531,1712,-21,1112,89,-0.018884892086330936
1531,1716,-4,886,71,-0.004514672686230248
1531,2084,-4,322,20,-0.012422360248447204
1531,219,-5,408,34,-0.012254901960784314
1531,228,-13,371,27,-0.03504043126684636
1531,302,0,250,23,0.0
1531,956,-6,364,34,-0.016483516483516484
1533,1544,0,1776,142,0.0
1533,1683,-2,2070,156,-0.000966183574879227
1533,1728,-45,1020,67,-0.04411764705882353
1533,1891,-21,1681,107,-0.012492563950029744
1533,1898,0,407,34,0.0
1533,2035,-22,1369,104,-0.016070124178232285
1533,2069,-25,517,30,-0.048355899419729204
1533,673,7,1071,75,0.006535947712418301
1533,754,10,440,28,0.022727272727272728
1536,1563,-2,541,39,-0.0036968576709796672
1536,1915,60,3689,246,0.01626457034426674
1536,2030,45,3577,227,0.012580374615599665
1536,2066,15,573,44,0.02617801047120419
1536,271,-7,2468,182,-0.0028363047001620746
1536,29,-55,1007,64,-0.05461767626613704
1536,383,33,1994,128,0.016549648946840523
1536,446,-11,399,30,-0.02756892230576441
1536,950,-14,408,31,-0.03431372549019608
1538,1714,4,1870,155,0.0021390374331550803
1538,1723,-12,983,89,-0.012207527975584944
1538,1889,24,1574,131,0.015247776365946633
1538,1892,54,1498,122,0.036048064085447265
1538,2036,26,872,76,0.02981651376146789
1538,221,-24,1398,101,-0.017167381974248927
1538,423,-33,541,46,-0.06099815157116451
1538,441,-13,542,44,-0.023985239852398525
1538,445,0,627,48,0.0
1538,902,-20,639,50,-0.03129890453834116
1538,980,11,268,21,0.041044776119402986
1541,1600,-19,609,51,-0.031198686371100164
1541,1713,33,2461,174,0.013409183258837871
1541,2050,16,2415,177,0.006625258799171843
1541,209,-15,1202,79,-0.012479201331114808
1541,213,58,2450,169,0.0236734693877551
1541,349,67,2748,195,0.02438136826783115
1541,722,27,976,75,0.027663934426229508
1541,788,-8,1174,89,-0.0068143100511073255
1541,891,-5,890,76,-0.0056179775280898875
1541,895,8,445,30,0.017977528089887642
1544,1683,-25,2175,171,-0.011494252873563218
1544,1728,-17,909,68,-0.0187018701870187
1544,1891,-30,2356,166,-0.012733446519524618
1544,1898,1,338,29,0.0029585798816568047
1544,2035,-33,1636,138,-0.020171149144254278
1544,2069,-11,601,42,-0.018302828618968387
1544,673,-2,1089,78,-0.0018365472910927456
1544,754,-10,553,32,-0.018083182640144666
1544,87,-6,211,14,-0.02843601895734597
1548,1559,5,663,57,0.007541478129713424
1548,1594,-13,605,56,-0.021487603305785124
1548,1718,-23,1094,91,-0.02102376599634369
1548,179,-43,1153,91,-0.0372940156114484
1548,1914,-23,363,34,-0.06336088154269973
1548,2040,12,285,23,0.042105263157894736
1548,677,-17,645,55,-0.02635658914728682
1548,713,-6,302,27,-0.019867549668874173
1548,958,-3,267,20,-0.011235955056179775
1554,1853,-27,790,61,-0.03417721518987342
1554,190,-18,588,50,-0.030612244897959183
1554,193,-25,945,75,-0.026455026455026454
1554,2067,-11,466,41,-0.023605150214592276
1554,258,-3,200,18,-0.015
1554,920,-4,324,21,-0.012345679012345678
1554,957,-15,353,26,-0.042492917847025496
1559,1594,-20,481,43,-0.04158004158004158
1559,1718,-19,1120,99,-0.016964285714285713
1559,179,-27,1003,99,-0.026919242273180457
1559,2040,-1,643,59,-0.0015552099533437014
1559,677,12,504,44,0.023809523809523808
1559,713,-9,212,15,-0.04245283018867924
1559,753,7,298,30,0.02348993288590604
1559,952,5,215,20,0.023255813953488372
1562,1732,32,1950,157,0.01641025641025641
1562,1751,69,1557,114,0.04431599229287091
1562,1888,45,2700,207,0.016666666666666666
1562,1916,-22,682,49,-0.03225806451612903
1562,1918,7,855,67,0.008187134502923977
1562,393,58,1785,128,0.032492997198879554
1562,43,-6,1112,90,-0.00539568345323741
1562,436,48,506,34,0.09486166007905138
1562,63,-25,693,60,-0.03607503607503607
1562,685,1,631,46,0.001584786053882726
1562,782,17,829,56,0.020506634499396863
1563,1915,-10,313,29,-0.03194888178913738
1563,2030,-9,491,32,-0.018329938900203666
1563,271,-11,210,19,-0.05238095238095238
1563,29,-4,243,11,-0.01646090534979424
1563,383,-9,251,15,-0.035856573705179286
1594,1718,-64,1072,81,-0.05970149253731343
1594,179,-53,922,77,-0.057483731019522775
1594,1914,-21,389,33,-0.05398457583547558
1594,677,-13,658,59,-0.019756838905775075
1594,713,-24,520,39,-0.046153846153846156
1594,952,-20,243,15,-0.0823045267489712
1594,958,5,448,39,0.011160714285714286
1600,1713,-21,546,32,-0.038461538461538464
1600,2050,-16,556,44,-0.02877697841726619
1600,209,-27,573,42,-0.04712041884816754
1600,213,-32,652,40,-0.049079754601226995
1600,349,-24,599,41,-0.04006677796327212
1607,1720,5,569,51,0.008787346221441126
1607,1727,8,1491,131,0.0053655264922870555
1607,2034,-7,1198,105,-0.005843071786310518
1607,255,-9,213,21,-0.04225352112676056
1607,353,-3,815,58,-0.0036809815950920245
1607,42,11,701,70,0.015691868758915834
1607,448,-6,677,63,-0.008862629246676515
1607,690,17,370,27,0.04594594594594595
1630,182,28,673,46,0.041604754829123326
1630,2043,15,2353,197,0.006374840628984276
1630,344,-1,295,23,-0.003389830508474576
1630,376,-27,776,65,-0.03479381443298969
1630,688,-22,885,72,-0.024858757062146894
1630,711,-17,617,54,-0.027552674230145867
1630,76,-6,439,39,-0.01366742596810934
1630,966,7,435,43,0.016091954022988506
164,26,11,338,24,0.03254437869822485
164,275,44,3145,229,0.013990461049284579
164,280,9,207,16,0.043478260869565216
164,369,23,1407,103,0.016346837242359632
164,703,21,2748,215,0.007641921397379912
164,779,34,3088,222,0.011010362694300517
164,84,-12,2205,161,-0.005442176870748299
164,913,-3,647,47,-0.00463678516228748
164,948,-25,682,40,-0.036656891495601175
164,969,8,338,28,0.023668639053254437
165,1749,31,2469,171,0.012555690562980963
165,1883,28,1523,91,0.018384766907419567
165,1903,36,1166,77,0.030874785591766724
165,2044,-7,206,25,-0.03398058252427184
165,672,26,1016,75,0.025590551181102362
165,983,-13,543,41,-0.02394106813996317
166,1731,-9,796,60,-0.011306532663316583
166,1904,1,1034,69,0.0009671179883945841
166,2058,-1,414,24,-0.0024154589371980675
166,2130,-14,738,51,-0.018970189701897018
166,216,9,1730,98,0.005202312138728324
166,270,-27,2782,159,-0.009705248023005032
166,296,-37,2287,149,-0.016178399650196764
166,323,-7,702,51,-0.009971509971509971
166,375,-12,854,61,-0.01405152224824356
166,406,48,1683,83,0.0285204991087344
166,977,-15,1047,50,-0.014326647564469915
168,1712,-6,2282,156,-0.0026292725679228747
168,1716,-3,2075,136,-0.0014457831325301205
168,219,10,420,41,0.023809523809523808
168,228,-23,758,56,-0.030343007915567283
168,302,-19,1247,81,-0.015236567762630313
168,682,35,357,27,0.09803921568627451
168,956,5,809,61,0.006180469715698393
1683,1728,-1,640,47,-0.0015625
1683,1891,-12,1957,150,-0.0061318344404701075
1683,1898,-4,380,33,-0.010526315789473684
1683,2035,-2,1466,110,-0.001364256480218281
1683,2069,-47,912,71,-0.051535087719298246
1683,673,15,1087,81,0.013799448022079117
1683,754,14,366,29,0.03825136612021858
1709,1730,-52,1108,79,-0.04693140794223827
1709,1838,-47,2091,131,-0.022477283596365374
1709,1885,-88,3039,184,-0.028956893715037842
1709,1894,-47,1174,79,-0.04003407155025554
1709,2032,0,1391,98,0.0
1709,2039,0,921,59,0.0
1709,2047,-16,932,63,-0.017167381974248927
1709,399,-20,1060,73,-0.018867924528301886
1709,400,-48,800,45,-0.06
1709,976,18,624,37,0.028846153846153848
1710,1722,80,1525,99,0.05245901639344262
1710,1800,57,2430,166,0.02345679012345679
1710,2031,-10,204,19,-0.049019607843137254
1710,236,46,2229,147,0.02063705697622252
1710,28,-57,1124,77,-0.050711743772241996
1710,3,36,2439,142,0.014760147601476014
1710,51,24,677,48,0.03545051698670606
1710,735,5,1993,115,0.002508780732563974
1710,949,19,1090,60,0.01743119266055046
1710,970,2,687,49,0.002911208151382824
1711,1721,34,2300,161,0.014782608695652174
1711,1899,59,2640,165,0.02234848484848485
1711,45,41,1914,151,0.021421107628004178
1711,686,54,1474,91,0.036635006784260515
1711,702,57,1193,92,0.04777870913663034
1711,89,17,557,50,0.03052064631956912
1712,1716,-10,2838,178,-0.0035236081747709656
1712,2084,-4,290,21,-0.013793103448275862
1712,219,-32,1049,77,-0.030505243088655862
1712,228,-26,780,54,-0.03333333333333333
1712,302,-31,1896,113,-0.016350210970464137
1712,682,34,660,47,0.051515151515151514
1712,904,-5,706,42,-0.007082152974504249
1712,956,-10,1659,111,-0.006027727546714889
1712,988,0,302,16,0.0
1713,2050,98,2818,198,0.0347764371894961
1713,209,-8,1251,80,-0.006394884092725819
1713,213,166,3758,228,0.04417243214475785
1713,349,176,3783,235,0.04652392281258261
1713,722,148,1874,108,0.07897545357524013
1713,788,-17,1033,75,-0.016456921587608905
1713,891,65,1424,86,0.04564606741573034
1713,895,1,394,26,0.0025380710659898475
1714,1723,5,910,80,0.005494505494505495
1714,1889,72,1564,126,0.04603580562659847
1714,1892,28,1598,126,0.017521902377972465
1714,2036,19,725,65,0.02620689655172414
1714,221,13,1179,82,0.01102629346904156
1714,423,-25,744,63,-0.033602150537634407
1714,441,-10,731,62,-0.013679890560875513
1714,445,1,941,74,0.0010626992561105207
1714,902,-43,675,52,-0.0637037037037037
1714,980,12,377,28,0.03183023872679045
1715,185,33,1824,114,0.018092105263157895
1715,2045,45,834,69,0.0539568345323741
1715,468,3,895,72,0.0033519553072625698
1715,57,4,1619,110,0.0024706609017912293
1715,978,-26,950,49,-0.02736842105263158
1716,219,-25,555,43,-0.04504504504504504
1716,228,-45,1249,90,-0.036028823058446756
1716,302,-12,1669,103,-0.007189934092270821
1716,682,22,657,45,0.0334855403348554
1716,904,8,609,40,0.013136288998357963
1716,956,-2,1128,70,-0.0017730496453900709
1716,988,0,359,25,0.0
1717,1761,-14,1170,89,-0.011965811965811967
1717,2042,-50,1563,123,-0.03198976327575176
1717,2059,-36,1950,146,-0.018461538461538463
1717,363,33,2051,158,0.016089712335446125
1717,458,-9,2391,183,-0.0037641154328732747
1717,714,-77,3481,228,-0.02212008043665613
1717,762,-74,2770,188,-0.026714801444043323
1717,919,-14,692,53,-0.02023121387283237
1717,93,-73,1739,127,-0.041978148361127086
1717,959,-30,1125,77,-0.02666666666666667
1718,179,-138,3102,239,-0.04448742746615087
1718,1914,-48,1127,81,-0.04259094942324756
1718,2040,8,615,57,0.013008130081300813
1718,677,-58,2599,192,-0.022316275490573297
1718,713,-31,492,32,-0.06300813008130081
1718,72,4,521,38,0.007677543186180422
1718,753,-62,875,65,-0.07085714285714285
1718,77,-51,719,52,-0.07093184979137691
1718,952,-26,807,54,-0.0322180916976456
1718,958,-8,929,78,-0.008611410118406888
1719,176,-14,205,16,-0.06829268292682927
1719,21,-6,833,61,-0.007202881152460984
1719,278,-16,687,53,-0.023289665211062592
1719,431,-1,1434,114,-0.000697350069735007
1719,717,17,249,30,0.06827309236947791
1719,739,38,2097,154,0.018121125417262757
1719,757,-1,2043,145,-0.0004894762604013706
1719,905,-26,1213,95,-0.021434460016488046
1719,937,9,584,40,0.015410958904109588
1720,1727,52,1915,140,0.027154046997389034
1720,2034,-48,1592,134,-0.03015075376884422
1720,255,9,216,15,0.041666666666666664
1720,353,3,2126,138,0.0014111006585136407
1720,386,34,613,44,0.05546492659053834
1720,42,-2,750,55,-0.0026666666666666666
1720,448,-15,1092,74,-0.013736263736263736
1720,680,-36,529,33,-0.06805293005671077
1721,1899,25,2266,151,0.011032656663724626
1721,426,-31,758,82,-0.040897097625329816
1721,45,10,1654,150,0.006045949214026602
1721,686,24,665,49,0.03609022556390978
1721,702,29,901,98,0.03218645948945616
1721,89,3,536,49,0.005597014925373134
1722,1800,16,1209,87,0.013234077750206782
1722,2031,-19,354,21,-0.05367231638418079
1722,236,50,869,55,0.05753739930955121
1722,3,30,1076,67,0.027881040892193308
1722,735,68,1073,63,0.06337371854613234
1722,949,33,405,26,0.08148148148148149
1722,970,-2,432,33,-0.004629629629629629
1723,1889,-69,2164,133,-0.03188539741219963
1723,1892,-1,1200,87,-0.0008333333333333334
1723,2036,34,724,49,0.04696132596685083
1723,221,-63,2038,114,-0.030912659470068694
1723,423,-97,1397,86,-0.06943450250536864
1723,441,-45,1567,89,-0.02871729419272495
1723,445,13,592,42,0.02195945945945946
1723,902,21,347,33,0.06051873198847262
1723,980,-16,359,25,-0.04456824512534819
1724,1802,-21,338,21,-0.0621301775147929
1724,1882,-39,559,48,-0.06976744186046512
1724,1897,-25,445,37,-0.056179775280898875
1724,1913,-5,390,37,-0.01282051282051282
1725,1734,-8,374,16,-0.0213903743315508
1725,1887,-17,2000,119,-0.0085
1725,1895,-43,1140,90,-0.037719298245614034
1725,210,27,1436,81,0.018802228412256268
1725,324,-79,1789,121,-0.044158747903856904
1725,417,6,714,57,0.008403361344537815
1725,708,-1,450,25,-0.0022222222222222222
1727,2034,-25,2566,211,-0.009742790335151987
1727,255,4,549,45,0.007285974499089253
1727,353,0,3132,214,0.0
1727,386,9,593,43,0.01517706576728499
1727,42,-11,1265,108,-0.008695652173913044
1727,448,40,1275,94,0.03137254901960784
1727,680,4,978,68,0.00408997955010225
1727,690,15,251,16,0.05976095617529881
1728,1891,-45,1356,87,-0.033185840707964605
1728,2035,-51,812,64,-0.06280788177339902
1728,2069,-9,298,19,-0.030201342281879196
1728,673,13,881,54,0.014755959137343927
1728,754,-7,330,22,-0.021212121212121213
1730,1838,-12,1143,86,-0.010498687664041995
1730,1885,-66,1412,101,-0.046742209631728045
1730,1894,11,938,79,0.011727078891257996
1730,2032,-12,1110,83,-0.010810810810810811
1730,2039,8,252,23,0.031746031746031744
1730,2047,6,467,39,0.01284796573875803
1730,399,-37,620,47,-0.05967741935483871
1731,1904,-8,338,21,-0.023668639053254437
1731,2058,-6,293,20,-0.020477815699658702
1731,216,-4,290,21,-0.013793103448275862
1731,270,-15,531,33,-0.02824858757062147
1731,296,-21,845,63,-0.02485207100591716
1731,323,-6,418,38,-0.014354066985645933
1731,406,9,438,26,0.02054794520547945
1732,1751,33,2509,173,0.01315265045834994
1732,1888,36,3549,271,0.01014370245139476
1732,1916,-38,573,42,-0.06631762652705062
1732,1918,32,1444,98,0.0221606648199446
1732,393,79,2810,190,0.028113879003558717
1732,43,-18,1423,129,-0.012649332396345749
1732,436,58,1701,115,0.03409758965314521
1732,63,-31,1470,127,-0.02108843537414966
1732,685,71,707,62,0.10042432814710042
1732,782,-10,532,48,-0.018796992481203006
1733,1886,-50,1431,121,-0.03494060097833683
1733,1902,28,883,66,0.031710079275198186
1733,365,-44,1843,151,-0.02387411828540423
1733,371,-32,233,12,-0.13733905579399142
1733,397,-47,1980,149,-0.023737373737373738
1733,440,-1,1617,125,-0.0006184291898577613
1733,64,33,783,61,0.0421455938697318
1733,696,-11,961,66,-0.011446409989594173
1733,979,-13,438,36,-0.02968036529680365
1734,324,-22,323,15,-0.06811145510835913
1736,1882,-52,1598,111,-0.03254067584480601
1736,1897,-34,1175,78,-0.02893617021276596
1736,1913,-8,679,58,-0.011782032400589101
1736,2033,-14,959,77,-0.014598540145985401
1736,2037,-15,487,31,-0.030800821355236138
1736,2062,-14,234,17,-0.05982905982905983
1736,2064,17,268,21,0.06343283582089553
1737,1908,15,313,25,0.04792332268370607
1737,1928,-1,274,21,-0.0036496350364963502
1737,238,-2,522,50,-0.0038314176245210726
1737,243,5,936,86,0.005341880341880342
1737,248,9,757,63,0.011889035667107
1737,389,16,762,58,0.02099737532808399
1737,689,9,629,46,0.014308426073131956
1737,727,-4,545,46,-0.007339449541284404
1737,761,-25,297,22,-0.08417508417508418
1737,947,-6,361,32,-0.01662049861495845
1739,1740,69,3241,214,0.0212897253933971
1739,1741,-10,1025,69,-0.00975609756097561
1739,1742,-24,1235,100,-0.019433198380566803
1739,2046,-23,2778,209,-0.00827933765298776
1739,2106,-14,1908,146,-0.007337526205450734
1739,442,18,383,31,0.04699738903394256
1739,452,78,2171,146,0.03592814371257485
1739,56,59,866,60,0.06812933025404157
1739,699,14,754,60,0.01856763925729443
1740,1741,26,1070,61,0.024299065420560748
1740,1742,-3,1572,108,-0.0019083969465648854
1740,2046,19,2229,149,0.008524001794526694
1740,2106,18,1883,123,0.009559214020180564
1740,442,22,483,37,0.045548654244306416
1740,452,68,2150,130,0.03162790697674418
1740,56,102,1095,69,0.09315068493150686
1740,699,-15,1122,77,-0.013368983957219251
1741,1742,13,422,31,0.030805687203791468
1741,2046,-10,946,62,-0.010570824524312896
1741,2106,0,429,23,0.0
1741,452,8,1023,63,0.007820136852394917
1741,56,20,447,26,0.0447427293064877
1741,699,-8,429,27,-0.018648018648018648
1742,2046,-32,932,81,-0.034334763948497854
1742,2106,2,611,50,0.0032733224222585926
1742,452,7,843,72,0.00830367734282325
1747,2072,-15,245,27,-0.061224489795918366
1747,208,-3,326,24,-0.009202453987730062
1747,283,-18,627,56,-0.028708133971291867
1747,911,-19,216,22,-0.08796296296296297
1747,998,-14,308,33,-0.045454545454545456
1749,1883,16,1862,143,0.008592910848549946
1749,1903,14,2196,173,0.006375227686703097
1749,2044,-16,1250,106,-0.0128
1749,435,-10,690,48,-0.014492753623188406
1749,672,4,1747,130,0.0022896393817973667
1749,983,-22,1482,104,-0.014844804318488529
1751,1888,45,2471,174,0.018211250505868068
1751,1918,39,1122,80,0.034759358288770054
1751,393,78,2328,150,0.03350515463917526
1751,43,-2,603,53,-0.003316749585406302
1751,436,49,1328,78,0.036897590361445784
1751,63,-21,572,45,-0.03671328671328671
1751,782,11,678,50,0.016224188790560472
176,278,-2,469,32,-0.0042643923240938165
176,739,12,321,17,0.037383177570093455
176,757,-6,316,21,-0.0189873417721519
1761,2042,-8,224,23,-0.03571428571428571
1761,2059,-28,679,60,-0.041237113402061855
1761,363,2,650,58,0.003076923076923077
1761,458,2,640,56,0.003125
1761,714,-21,1180,86,-0.017796610169491526
1761,762,-21,982,71,-0.021384928716904276
1761,919,-2,225,22,-0.008888888888888889
1761,93,-22,667,54,-0.03298350824587706
1761,959,0,591,45,0.0
178,1900,26,840,55,0.030952380952380953
178,2052,43,644,43,0.06677018633540373
178,252,84,1787,97,0.047006155567991044
178,304,84,1957,115,0.04292284108329075
178,317,-4,793,46,-0.005044136191677175
178,330,6,303,27,0.019801980198019802
179,1914,-65,1053,72,-0.06172839506172839
179,2040,-24,911,81,-0.026344676180021953
179,677,-36,2213,175,-0.016267510167193855
179,713,-46,593,45,-0.0775716694772344
179,72,11,271,30,0.04059040590405904
179,753,-46,852,69,-0.0539906103286385
179,77,-30,837,55,-0.035842293906810034
179,952,2,579,51,0.0034542314335060447
179,958,-13,1183,103,-0.01098901098901099
1800,2031,-36,656,44,-0.054878048780487805
1800,236,35,2056,147,0.017023346303501944
1800,28,6,905,66,0.0066298342541436465
1800,3,-1,1909,124,-0.0005238344683080147
1800,51,11,704,55,0.015625
1800,735,11,1177,77,0.009345794392523364
1800,949,6,752,50,0.007978723404255319
1800,970,8,387,33,0.020671834625323
1802,1882,-28,399,27,-0.07017543859649122
1802,1897,-17,335,23,-0.050746268656716415
1802,1913,5,223,18,0.02242152466367713
1802,2062,3,201,15,0.014925373134328358
1802,697,3,283,21,0.01060070671378092
182,2043,-5,924,71,-0.005411255411255411
182,376,-32,519,43,-0.06165703275529865
182,711,9,469,36,0.019189765458422176
182,961,-3,322,29,-0.009316770186335404
182,966,9,334,33,0.02694610778443114
1838,1885,-95,3040,187,-0.03125
1838,1894,-61,1158,78,-0.05267702936096719
1838,1985,3,250,16,0.012
1838,2032,33,1254,83,0.02631578947368421
1838,2039,7,1087,70,0.006439742410303588
1838,2047,-9,753,50,-0.01195219123505976
1838,399,3,1601,117,0.0018738288569643974
1838,400,-58,807,47,-0.07187112763320942
1838,976,-7,660,37,-0.010606060606060607
185,2045,24,313,22,0.07667731629392971
185,468,25,1946,138,0.012846865364850977
185,57,42,2410,144,0.017427385892116183
185,978,-19,1759,103,-0.010801591813530414
185,98,7,343,24,0.02040816326530612
1853,190,-40,2557,185,-0.01564333202972233
1853,193,-39,3340,259,-0.011676646706586826
1853,2067,-10,486,50,-0.0205761316872428
1853,224,7,1645,130,0.00425531914893617
1853,258,-69,1438,109,-0.04798331015299027
1853,896,-21,999,81,-0.021021021021021023
1853,920,-20,892,80,-0.02242152466367713
1882,1897,-39,3535,235,-0.011032531824611032
1882,1913,-29,2820,207,-0.01028368794326241
1882,2033,-73,1969,156,-0.03707465718638903
1882,2037,-1,865,58,-0.0011560693641618498
1882,2062,-36,972,71,-0.037037037037037035
1882,2064,23,1155,85,0.019913419913419914
1882,697,-23,1085,84,-0.02119815668202765
1883,1903,2,1436,103,0.001392757660167131
1883,2044,-9,738,69,-0.012195121951219513
1883,435,-11,210,16,-0.05238095238095238
1883,672,5,532,31,0.009398496240601503
1883,983,9,780,54,0.011538461538461539
1884,1924,35,322,20,0.10869565217391304
1884,1944,-29,925,57,-0.03135135135135135
1884,2048,-5,1817,99,-0.00275178866263071
1884,469,-60,2340,125,-0.02564102564102564
1884,695,-47,686,45,-0.06851311953352769
1884,765,-16,342,25,-0.04678362573099415
1884,901,-21,333,23,-0.06306306306306306
1884,922,5,595,25,0.008403361344537815
1884,934,-21,345,23,-0.06086956521739131
1885,1894,-58,1528,101,-0.03795811518324607
1885,1985,-1,277,18,-0.0036101083032490976
1885,2032,-32,2040,137,-0.01568627450980392
1885,2039,-22,1560,95,-0.014102564102564103
1885,2047,-28,1726,118,-0.016222479721900347
1885,399,-51,2356,163,-0.02164685908319185
1885,400,-61,1093,66,-0.055809698078682524
1885,976,8,1091,65,0.007332722273143905
1886,1902,34,887,77,0.038331454340473504
1886,365,-31,1664,151,-0.018629807692307692
1886,397,-50,1551,122,-0.032237266279819474
1886,440,-19,1044,95,-0.018199233716475097
1886,64,5,392,42,0.012755102040816327
1886,696,-21,343,20,-0.061224489795918366
1886,979,-22,325,23,-0.06769230769230769
1887,1895,6,1019,76,0.005888125613346418
1887,210,22,1400,101,0.015714285714285715
1887,324,-56,1742,130,-0.03214695752009185
1887,417,35,285,27,0.12280701754385964
1887,708,9,445,29,0.020224719101123594
1888,1916,-19,977,67,-0.019447287615148412
1888,1918,19,1215,93,0.015637860082304528
1888,393,79,3403,239,0.023214810461357625
1888,43,-7,1628,141,-0.0042997542997543
1888,436,36,1807,131,0.01992252351964582
1888,63,-48,1582,139,-0.03034134007585335
1888,685,52,1276,100,0.04075235109717868
1888,782,26,1268,94,0.02050473186119874
1889,1892,34,1739,129,0.019551466359977
1889,2036,34,725,51,0.04689655172413793
1889,221,-36,2654,149,-0.013564431047475508
1889,423,-78,1002,68,-0.07784431137724551
1889,441,-26,1613,86,-0.016119032858028518
1889,445,31,741,52,0.04183535762483131
1889,980,3,605,33,0.0049586776859504135
1890,201,61,1723,124,0.035403366221706326
1890,2091,36,2726,178,0.013206162876008804
1890,2092,-5,478,35,-0.010460251046025104
1890,2101,58,1024,85,0.056640625
1890,339,8,724,45,0.011049723756906077
1890,361,83,3210,208,0.025856697819314642
1890,467,46,4127,262,0.011146110976496244
1890,53,14,732,56,0.01912568306010929
1890,915,69,2244,179,0.03074866310160428
1890,916,9,810,54,0.011111111111111112
1890,960,2,952,58,0.0021008403361344537
1891,2035,-54,2524,178,-0.021394611727416798
1891,2069,-35,1159,82,-0.030198446937014668
1891,673,1,2231,158,0.00044822949350067237
1891,754,10,729,50,0.013717421124828532
1892,2036,42,704,58,0.05965909090909091
1892,221,5,1619,112,0.0030883261272390363
1892,423,-23,623,36,-0.03691813804173355
1892,441,-4,558,44,-0.007168458781362007
1892,902,-13,365,26,-0.03561643835616438
1892,980,4,354,23,0.011299435028248588
1894,2032,23,971,78,0.02368692070030896
1894,2039,2,508,37,0.003937007874015748
1894,2047,-1,268,23,-0.0037313432835820895
1894,399,-5,879,70,-0.005688282138794084
1894,400,-75,383,19,-0.195822454308094
1894,976,3,206,14,0.014563106796116505
1895,210,-2,376,33,-0.005319148936170213
1895,324,-32,731,63,-0.04377564979480164
1895,417,-8,552,37,-0.014492753623188406
1895,708,8,271,22,0.02952029520295203
1897,1913,-22,2426,176,-0.009068425391591096
1897,2033,-96,1710,128,-0.056140350877192984
1897,2037,1,570,37,0.0017543859649122807
1897,2062,-17,635,46,-0.026771653543307086
1897,2064,44,642,42,0.06853582554517133
1897,697,-31,500,36,-0.062
1899,426,-18,836,67,-0.0215311004784689
1899,45,27,1652,119,0.016343825665859565
1899,686,20,1671,106,0.011968880909634948
1899,702,40,1360,95,0.029411764705882353
1899,89,15,779,61,0.019255455712451863
190,193,-8,3643,245,-0.0021959923140269007
190,2067,-3,388,40,-0.007731958762886598
190,224,46,2205,154,0.020861678004535148
190,258,-61,1942,121,-0.03141091658084449
190,896,-24,1051,66,-0.022835394862036156
190,920,7,402,32,0.017412935323383085
1900,2052,17,280,17,0.060714285714285714
1900,252,62,1626,106,0.038130381303813035
1900,304,41,1741,128,0.023549684089603676
1900,317,8,239,18,0.03347280334728033
1900,330,22,570,51,0.03859649122807018
1900,731,6,518,37,0.011583011583011582
1900,935,15,225,22,0.06666666666666667
1902,365,55,1254,101,0.043859649122807015
1902,397,43,1159,91,0.03710094909404659
1902,440,31,930,70,0.03333333333333333
1902,696,-6,548,40,-0.010948905109489052
1903,2044,-23,737,64,-0.031207598371777476
1903,435,-12,343,24,-0.03498542274052478
1903,672,0,1004,77,0.0
1903,983,-11,1046,87,-0.010516252390057362
1904,2058,-15,508,30,-0.02952755905511811
1904,2130,-20,702,49,-0.02849002849002849
1904,216,15,306,16,0.049019607843137254
1904,270,17,680,46,0.025
1904,296,1,592,41,0.0016891891891891893
1904,323,-16,294,17,-0.05442176870748299
1904,375,9,421,34,0.021377672209026127
1904,406,23,369,29,0.06233062330623306
1906,1944,9,264,22,0.03409090909090909
1906,2048,7,256,24,0.02734375
1913,2033,-77,1632,131,-0.04718137254901961
1913,2037,-2,366,24,-0.00546448087431694
1913,2062,-17,612,50,-0.027777777777777776
1913,2064,2,1006,68,0.0019880715705765406
1913,697,-45,897,67,-0.05016722408026756
1914,677,-33,894,75,-0.03691275167785235
1914,713,-19,287,16,-0.06620209059233449
1914,958,-16,282,19,-0.05673758865248227
1915,2030,66,3830,252,0.01723237597911227
1915,2066,15,259,22,0.05791505791505792
1915,271,12,2449,180,0.004899959167006942
1915,29,-41,662,41,-0.061933534743202415
1915,383,62,1876,120,0.03304904051172708
1915,446,-3,283,28,-0.01060070671378092
1915,950,-11,394,29,-0.027918781725888325
1916,393,-17,977,65,-0.017400204708290685
1916,43,-22,292,23,-0.07534246575342465
1916,436,-11,442,31,-0.024886877828054297
1916,63,-19,378,30,-0.05026455026455026
1916,782,16,308,24,0.05194805194805195
1918,393,38,709,48,0.0535966149506347
1918,43,-3,500,40,-0.006
1918,436,23,345,21,0.06666666666666667
1918,63,-15,311,27,-0.04823151125401929
1924,1944,-1,258,24,-0.003875968992248062
1924,2048,60,1044,82,0.05747126436781609
1924,469,11,870,65,0.01264367816091954
1924,695,16,717,61,0.022315202231520222
1924,922,0,213,17,0.0
1928,238,4,594,50,0.006734006734006734
1928,243,12,1107,94,0.01084010840108401
1928,248,19,946,77,0.0200845665961945
1928,389,-16,678,54,-0.02359882005899705
1928,689,0,524,42,0.0
193,2067,-3,668,62,-0.004491017964071856
193,224,32,2948,206,0.010854816824966078
193,258,-80,2700,172,-0.02962962962962963
193,896,-51,2153,153,-0.023687877380399444
193,920,25,1089,94,0.02295684113865932
193,957,-19,313,29,-0.06070287539936102
1944,2048,14,1594,122,0.00878293601003764
1944,469,15,705,51,0.02127659574468085
1944,695,2,931,66,0.0021482277121374865
1944,765,6,798,62,0.007518796992481203
1944,901,2,240,20,0.008333333333333333
1944,922,-19,204,12,-0.09313725490196079
1944,934,7,331,30,0.021148036253776436
1956,198,-1,254,20,-0.003937007874015748
1956,251,-18,200,18,-0.09
198,251,-19,2858,228,-0.006648005598320504
198,345,-21,634,63,-0.033123028391167195
198,422,-46,1061,83,-0.043355325164938736
198,70,-16,402,35,-0.03980099502487562
198,764,13,264,24,0.04924242424242424
198,955,-19,485,43,-0.03917525773195876
198,990,-7,482,37,-0.014522821576763486
1985,2032,-5,275,22,-0.01818181818181818
201,2091,23,1199,88,0.019182652210175146
201,2092,-7,524,42,-0.013358778625954198
201,2101,58,652,60,0.08895705521472393
201,361,68,2032,143,0.03346456692913386
201,467,44,2009,142,0.021901443504230962
201,53,-10,294,28,-0.034013605442176874
201,915,57,1128,102,0.05053191489361702
201,916,15,400,31,0.0375
201,960,8,231,16,0.03463203463203463
2030,2066,16,217,18,0.07373271889400922
2030,271,17,2277,162,0.007465963987703118
2030,29,-45,1096,69,-0.04105839416058394
2030,383,53,2364,154,0.02241962774957699
2030,446,6,419,36,0.014319809069212411
2030,950,-11,266,19,-0.041353383458646614
2031,236,-14,490,33,-0.02857142857142857
2031,3,-5,406,27,-0.012315270935960592
2031,735,-11,205,13,-0.05365853658536585
2032,2039,15,945,62,0.015873015873015872
2032,2047,-1,1067,80,-0.0009372071227741331
2032,399,-22,1329,99,-0.01655379984951091
2032,400,20,273,26,0.07326007326007326
2032,976,4,500,32,0.008
2033,2037,-16,332,22,-0.04819277108433735
2033,2062,-21,599,52,-0.035058430717863104
2033,2064,-1,446,39,-0.002242152466367713
2033,697,-49,496,39,-0.09879032258064516
2034,255,5,405,39,0.012345679012345678
2034,353,-126,3082,225,-0.040882543802725504
2034,386,-5,464,37,-0.010775862068965518
2034,42,-55,1154,98,-0.047660311958405546
2034,448,-65,1980,124,-0.03282828282828283
2034,680,-62,1009,70,-0.061446977205153616
2034,690,16,441,33,0.036281179138321996
2034,692,-12,314,20,-0.03821656050955414
2035,2069,-30,744,46,-0.04032258064516129
2035,673,-20,1539,120,-0.01299545159194282
2035,754,-24,368,30,-0.06521739130434782
2036,221,35,632,44,0.055379746835443035
2036,441,25,416,29,0.06009615384615385
2036,445,-1,272,29,-0.003676470588235294
2038,208,12,601,34,0.019966722129783693
2038,283,8,435,32,0.01839080459770115
2038,299,18,597,31,0.03015075376884422
2038,911,14,222,11,0.06306306306306306
2038,951,16,293,18,0.05460750853242321
2039,2047,-22,798,53,-0.02756892230576441
2039,399,-10,885,65,-0.011299435028248588
2040,677,29,534,44,0.054307116104868915
2040,713,-10,260,21,-0.038461538461538464
2040,958,8,205,18,0.03902439024390244
2042,2059,-16,894,76,-0.017897091722595078
2042,363,-14,772,64,-0.018134715025906734
2042,458,-31,1330,118,-0.02330827067669173
2042,714,-43,1195,96,-0.03598326359832636
2042,762,-50,975,80,-0.05128205128205128
2042,919,0,304,26,0.0
2042,93,-42,843,78,-0.0498220640569395
2042,959,9,216,12,0.041666666666666664
2043,344,4,422,34,0.009478672985781991
2043,376,-74,980,75,-0.07551020408163266
2043,688,-20,888,74,-0.02252252252252252
2043,693,24,285,27,0.08421052631578947
2043,711,-26,1031,82,-0.02521823472356935
2043,76,-8,710,58,-0.011267605633802818
2043,961,5,517,46,0.009671179883945842
2043,966,18,1010,86,0.01782178217821782
2044,672,-11,494,39,-0.022267206477732792
2044,983,10,597,47,0.01675041876046901
2045,468,12,233,18,0.05150214592274678
2045,57,18,391,38,0.04603580562659847
2046,2106,-5,1805,130,-0.002770083102493075
2046,452,26,1442,106,0.018030513176144243
2046,56,21,486,31,0.043209876543209874
2046,699,-3,467,41,-0.006423982869379015
2047,399,10,1501,108,0.006662225183211193
2047,400,4,422,31,0.009478672985781991
2047,976,-5,630,44,-0.007936507936507936
2048,469,33,2950,194,0.011186440677966102
2048,695,75,1822,140,0.041163556531284305
2048,765,-8,851,70,-0.009400705052878966
2048,901,-14,638,46,-0.0219435736677116
2048,934,13,350,35,0.037142857142857144
2050,209,-10,1084,79,-0.00922509225092251
2050,213,111,2426,166,0.045754328112118714
2050,349,108,2593,187,0.04165059776320864
2050,722,68,905,57,0.07513812154696133
2050,788,-29,1019,76,-0.02845927379784102
2050,891,-11,835,66,-0.013173652694610778
2050,895,6,617,41,0.009724473257698542
2052,252,81,1062,65,0.07627118644067797
2052,304,43,1234,84,0.03484602917341977
2052,317,7,653,47,0.010719754977029096
2052,731,13,210,13,0.06190476190476191
2054,2101,12,222,13,0.05405405405405406
2058,2130,-17,800,58,-0.02125
2058,216,9,781,51,0.011523687580025609
2058,270,5,528,36,0.00946969696969697
2058,296,1,826,59,0.0012106537530266344
2058,323,-4,489,32,-0.0081799591002045
2058,375,4,304,22,0.013157894736842105
2058,406,1,266,18,0.0037593984962406013
2059,363,13,849,67,0.015312131919905771
2059,458,-6,1354,121,-0.004431314623338257
2059,714,-43,1973,139,-0.021794221996958945
2059,762,-68,1539,116,-0.044184535412605586
2059,919,-13,548,41,-0.023722627737226276
2059,93,-13,727,73,-0.017881705639614855
2059,959,-6,681,55,-0.00881057268722467
2062,697,-21,532,34,-0.039473684210526314
2064,697,-20,432,32,-0.046296296296296294
2066,271,18,533,48,0.03377110694183865
2066,29,-1,233,20,-0.004291845493562232
2067,258,-11,375,33,-0.029333333333333333
2067,920,-5,251,18,-0.0199203187250996
2067,957,-14,209,16,-0.06698564593301436
2068,275,23,464,43,0.04956896551724138
2068,369,13,244,22,0.05327868852459016
2068,703,-3,283,29,-0.01060070671378092
2068,779,1,378,39,0.0026455026455026454
2069,673,-2,802,55,-0.0024937655860349127
2072,283,-17,250,27,-0.068
208,281,-3,825,66,-0.0036363636363636364
208,283,64,3415,252,0.018740849194729136
208,299,0,3582,244,0.0
208,679,-30,1869,121,-0.016051364365971106
208,760,-7,472,36,-0.014830508474576272
208,911,-82,1885,130,-0.04350132625994695
208,951,53,1455,95,0.036426116838487975
208,998,-5,538,36,-0.00929368029739777
2084,219,-5,383,27,-0.013054830287206266
2084,228,-13,221,16,-0.058823529411764705
209,213,-44,1397,83,-0.031496062992125984
209,349,-58,1751,109,-0.03312392918332382
209,722,-33,405,27,-0.08148148148148149
209,788,-22,568,35,-0.03873239436619718
209,891,-16,745,52,-0.021476510067114093
209,895,-10,328,23,-0.03048780487804878
2091,2092,-9,259,21,-0.03474903474903475
2091,2101,-4,596,45,-0.006711409395973154
2091,339,-2,719,46,-0.0027816411682892906
2091,361,63,2284,139,0.027583187390542906
2091,467,49,3280,214,0.014939024390243902
2091,53,17,431,30,0.03944315545243619
2091,915,25,1378,128,0.018142235123367198
2091,916,5,298,21,0.016778523489932886
2091,960,30,867,56,0.03460207612456748
2092,361,-15,368,32,-0.04076086956521739
2092,467,-36,459,34,-0.0784313725490196
2092,915,-3,236,19,-0.012711864406779662
21,278,18,818,70,0.022004889975550123
21,431,-21,871,65,-0.024110218140068886
21,739,-6,1254,95,-0.004784688995215311
21,757,-30,415,31,-0.07228915662650602
21,905,-17,727,54,-0.023383768913342505
21,937,-23,278,23,-0.08273381294964029
210,324,-53,1936,131,-0.02737603305785124
210,417,14,481,49,0.029106029106029108
210,708,-6,703,42,-0.008534850640113799
2101,339,26,733,52,0.03547066848567531
2101,361,63,1030,76,0.06116504854368932
2101,467,21,1123,80,0.018699910952804988
2101,915,13,608,56,0.02138157894736842
2101,960,9,377,23,0.023872679045092837
2106,452,-18,682,52,-0.026392961876832845
2106,56,-2,414,33,-0.004830917874396135
2106,699,-34,692,51,-0.049132947976878616
213,349,161,4092,246,0.039345063538611925
213,722,131,1979,111,0.06619504800404244
213,788,-43,660,48,-0.06515151515151515
213,891,64,991,50,0.06458123107971746
213,895,20,463,31,0.04319654427645788
2130,216,5,668,47,0.0074850299401197605
2130,270,17,1211,86,0.014037985136251032
2130,296,12,1046,74,0.011472275334608031
2130,323,2,627,40,0.003189792663476874
2130,375,44,771,54,0.057068741893644616
2130,406,19,430,29,0.044186046511627906
2130,977,21,221,16,0.09502262443438914
216,270,15,2136,127,0.007022471910112359
216,296,6,1872,125,0.003205128205128205
216,323,8,465,22,0.017204301075268817
216,375,12,684,39,0.017543859649122806
216,406,32,1331,71,0.02404207362885049
216,977,-29,650,37,-0.04461538461538461
219,228,-4,444,37,-0.009009009009009009
219,302,-14,472,37,-0.029661016949152543
219,682,15,203,16,0.07389162561576355
219,904,-11,211,18,-0.052132701421800945
219,956,-7,558,37,-0.012544802867383513
221,423,-89,1063,72,-0.08372530573847602
221,441,-52,1771,108,-0.029361942405420668
221,445,5,672,47,0.00744047619047619
221,902,-7,401,40,-0.017456359102244388
221,980,-14,355,20,-0.03943661971830986
224,258,-33,1691,110,-0.019515079834417505
224,896,-18,1028,74,-0.017509727626459144
224,920,20,342,31,0.05847953216374269
228,302,-24,683,47,-0.03513909224011713
228,956,-4,223,15,-0.017937219730941704
236,28,-26,1087,85,-0.02391904323827047
236,3,-9,1507,99,-0.005972130059721301
236,51,32,520,39,0.06153846153846154
236,735,14,1067,63,0.013120899718837863
236,949,15,470,33,0.031914893617021274
236,970,-12,284,18,-0.04225352112676056
238,243,10,1641,139,0.006093845216331505
238,248,-2,2044,140,-0.0009784735812133072
238,389,-11,940,69,-0.011702127659574468
238,689,13,1725,110,0.007536231884057971
238,727,-45,1500,97,-0.03
238,761,-35,359,26,-0.09749303621169916
238,947,12,474,39,0.02531645569620253
243,248,44,2268,197,0.019400352733686066
243,389,5,1644,149,0.0030413625304136255
243,689,30,1958,151,0.015321756894790603
243,727,28,1182,97,0.023688663282571912
243,761,-1,266,26,-0.0037593984962406013
243,947,26,873,81,0.029782359679266894
248,389,4,1409,115,0.0028388928317956
248,689,2,2321,163,0.0008616975441619991
248,727,-22,1615,106,-0.013622291021671827
248,761,-39,502,41,-0.07768924302788845
248,947,42,860,68,0.04883720930232558
251,345,-7,580,64,-0.01206896551724138
251,422,43,1899,136,0.022643496577145865
251,70,-6,233,25,-0.02575107296137339
251,764,27,567,42,0.047619047619047616
251,955,0,303,30,0.0
251,990,7,631,51,0.011093502377179081
252,304,100,3499,222,0.02857959416976279
252,317,3,1871,119,0.0016034206306787815
252,330,32,640,46,0.05
252,731,18,475,30,0.037894736842105266
252,935,22,383,28,0.057441253263707574
255,353,0,663,54,0.0
258,896,-68,1194,75,-0.05695142378559464
258,920,5,249,22,0.020080321285140562
26,275,15,260,18,0.057692307692307696
26,703,3,222,18,0.013513513513513514
270,296,-33,2769,175,-0.011917659804983749
270,323,-6,864,53,-0.006944444444444444
270,375,7,1266,82,0.005529225908372828
270,406,54,1989,101,0.027149321266968326
270,977,-7,1283,72,-0.005455962587685113
271,29,-12,848,67,-0.014150943396226415
271,383,-17,1197,94,-0.014202172096908938
271,446,-8,543,41,-0.014732965009208104
271,950,-10,227,19,-0.04405286343612335
275,280,30,281,17,0.10676156583629894
275,369,93,2741,193,0.03392922291134622
275,703,52,3462,266,0.015020219526285385
275,779,83,3944,274,0.021044624746450306
275,84,46,2581,174,0.017822549399457575
275,913,54,1084,63,0.04981549815498155
275,948,36,1051,60,0.03425309229305423
275,969,-10,258,26,-0.03875968992248062
278,431,34,1222,99,0.027823240589198037
278,717,19,283,23,0.06713780918727916
278,739,81,2231,149,0.03630658897355446
278,757,62,2018,138,0.030723488602576808
278,905,13,1453,107,0.008947006194081212
278,937,2,237,24,0.008438818565400843
28,3,-17,672,41,-0.025297619047619048
28,51,3,228,19,0.013157894736842105
28,735,-57,574,35,-0.09930313588850175
28,949,-22,260,18,-0.08461538461538462
280,703,30,205,12,0.14634146341463414
280,779,26,454,31,0.05726872246696035
281,283,-13,1070,90,-0.012149532710280374
281,299,9,778,61,0.011568123393316195
281,679,-8,353,25,-0.0226628895184136
281,951,3,276,23,0.010869565217391304
283,299,66,3167,232,0.02083991158825387
283,679,26,1817,133,0.014309301045679693
283,760,-10,331,26,-0.030211480362537766
283,911,-18,1838,142,-0.009793253536452665
283,951,46,1381,105,0.0333091962346126
283,998,25,691,46,0.0361794500723589
29,383,-2,640,48,-0.003125
296,323,18,1151,79,0.015638575152041704
296,375,-4,1595,111,-0.0025078369905956114
296,406,20,1965,113,0.010178117048346057
296,977,29,1345,88,0.021561338289962824
299,679,-21,1581,112,-0.013282732447817837
299,760,-5,263,21,-0.019011406844106463
299,911,-79,1642,114,-0.04811205846528624
299,951,41,1669,110,0.02456560814859197
299,998,-7,496,32,-0.014112903225806451
3,51,-12,571,35,-0.021015761821366025
3,735,-12,1535,97,-0.007817589576547232
3,949,17,750,40,0.02266666666666667
3,970,2,455,30,0.004395604395604396
302,904,-15,462,38,-0.032467532467532464
302,956,-7,935,60,-0.0074866310160427805
304,317,8,2421,167,0.003304419661296985
304,330,39,1161,96,0.03359173126614987
304,731,4,744,57,0.005376344086021506
304,935,20,440,38,0.045454545454545456
317,330,20,683,55,0.029282576866764276
317,731,9,352,26,0.02556818181818182
317,935,10,284,28,0.035211267605633804
323,375,21,479,31,0.04384133611691023
323,977,37,570,41,0.06491228070175438
324,417,-3,768,71,-0.00390625
324,708,-21,652,44,-0.032208588957055216
330,731,4,232,20,0.017241379310344827
339,361,11,789,46,0.01394169835234474
339,467,3,1161,78,0.002583979328165375
339,915,-1,331,32,-0.0030211480362537764
339,960,6,385,31,0.015584415584415584
344,693,20,227,21,0.0881057268722467
345,422,-10,319,27,-0.03134796238244514
345,990,-10,202,16,-0.04950495049504951
349,722,146,2195,120,0.06651480637813212
349,788,-19,1323,94,-0.01436130007558579
349,891,68,1585,98,0.04290220820189274
349,895,27,240,18,0.1125
353,386,17,712,47,0.023876404494382022
353,42,-87,1467,116,-0.05930470347648262
353,448,-38,2918,177,-0.013022618231665525
353,680,-49,1933,123,-0.025349198137609934
353,690,10,245,22,0.04081632653061224
361,467,80,3783,244,0.021147237642083004
361,53,-2,625,49,-0.0032
361,915,66,1888,150,0.034957627118644065
361,916,2,565,45,0.0035398230088495575
361,960,27,933,59,0.028938906752411574
363,458,-2,1728,130,-0.0011574074074074073
363,714,8,2125,151,0.0037647058823529413
363,762,33,1291,94,0.025561580170410533
363,919,5,580,40,0.008620689655172414
363,93,-24,1067,73,-0.022492970946579195
363,959,-27,419,30,-0.06443914081145585
365,397,-6,2462,196,-0.002437043054427295
365,440,19,1430,120,0.013286713286713287
365,64,-6,748,69,-0.008021390374331552
365,696,-23,887,68,-0.02593010146561443
365,979,-21,236,18,-0.08898305084745763
369,703,29,2124,164,0.013653483992467044
369,779,52,2420,170,0.021487603305785124
369,84,44,1373,88,0.032046613255644577
369,913,51,729,39,0.06995884773662552
369,948,46,729,45,0.06310013717421124
375,406,44,891,64,0.04938271604938271
375,977,8,625,54,0.0128
376,688,-3,639,40,-0.004694835680751174
376,711,5,613,47,0.008156606851549755
376,76,-8,278,26,-0.02877697841726619
376,966,6,331,24,0.01812688821752266
383,446,5,318,22,0.015723270440251572
386,42,-5,390,31,-0.01282051282051282
386,448,14,355,24,0.03943661971830986
389,689,4,1360,98,0.0029411764705882353
389,727,7,796,63,0.008793969849246231
389,761,-7,250,20,-0.028
389,947,23,541,52,0.04251386321626617
393,436,48,2150,137,0.022325581395348838
393,63,-16,1165,92,-0.013733905579399141
393,685,43,910,68,0.04725274725274725
393,782,-4,1274,93,-0.0031397174254317113
397,440,24,1608,122,0.014925373134328358
397,64,5,1165,83,0.004291845493562232
397,696,-33,1229,84,-0.026851098454027666
397,979,-13,558,48,-0.023297491039426525
399,400,27,687,47,0.039301310043668124
399,976,-13,1017,65,-0.012782694198623401
406,977,3,945,47,0.0031746031746031746
417,708,-9,225,12,-0.04
42,448,-45,774,77,-0.05813953488372093
42,680,-25,436,44,-0.05733944954128441
42,690,24,232,22,0.10344827586206896
422,764,20,334,20,0.059880239520958084
422,990,-13,558,46,-0.023297491039426525
423,441,-38,765,52,-0.04967320261437908
423,445,1,801,66,0.0012484394506866417
423,902,-15,391,32,-0.03836317135549872
426,45,-13,618,69,-0.021035598705501618
426,686,-1,300,27,-0.0033333333333333335
426,702,3,432,55,0.006944444444444444
426,89,8,232,21,0.034482758620689655
43,436,22,422,42,0.052132701421800945
43,63,-34,813,77,-0.041820418204182044
43,685,11,439,40,0.025056947608200455
43,782,17,451,39,0.037694013303769404
431,717,-16,448,42,-0.03571428571428571
431,739,9,2072,156,0.004343629343629344
431,757,-4,2174,164,-0.0018399264029438822
431,905,-40,1369,102,-0.029218407596785977
431,937,-32,483,44,-0.06625258799171843
435,672,18,296,18,0.060810810810810814
436,63,-13,413,34,-0.031476997578692496
436,685,29,412,33,0.0703883495145631
436,782,7,934,76,0.007494646680942184
440,64,-4,522,39,-0.007662835249042145
440,696,-35,562,42,-0.06227758007117438
440,979,-24,319,27,-0.07523510971786834
441,445,13,823,63,0.015795868772782502
441,902,-9,476,49,-0.018907563025210083
441,980,-11,637,43,-0.01726844583987441
445,902,-16,439,39,-0.03644646924829157
445,980,0,207,14,0.0
448,680,-24,1497,86,-0.01603206412825651
45,686,5,905,63,0.0055248618784530384
45,702,19,749,83,0.025367156208277702
45,89,-4,328,40,-0.012195121951219513
452,56,67,1005,58,0.06666666666666667
452,699,-4,861,58,-0.004645760743321719
458,714,-29,2347,192,-0.012356199403493822
458,762,-9,1800,150,-0.005
458,919,17,557,46,0.03052064631956912
458,93,-28,1574,132,-0.017789072426937738
458,959,3,534,41,0.0056179775280898875
467,53,7,505,37,0.013861386138613862
467,915,31,2502,199,0.012390087929656275
467,916,1,1109,78,0.0009017132551848512
467,960,20,1367,87,0.014630577907827359
468,57,2,1334,90,0.0014992503748125937
468,978,2,563,49,0.003552397868561279
468,98,14,373,23,0.03753351206434316
469,695,-30,1839,136,-0.01631321370309951
469,765,-5,873,68,-0.0057273768613974796
469,901,-34,490,35,-0.06938775510204082
469,922,24,826,47,0.029055690072639227
469,934,8,389,30,0.02056555269922879
51,735,-19,292,17,-0.06506849315068493
53,915,16,318,34,0.050314465408805034
53,960,3,223,20,0.013452914798206279
56,699,-9,647,42,-0.013910355486862442
57,978,-9,1370,74,-0.006569343065693431
57,98,18,324,21,0.05555555555555555
63,685,15,343,33,0.043731778425655975
63,782,-9,260,24,-0.03461538461538462
64,696,-12,564,34,-0.02127659574468085
672,983,-19,592,49,-0.03209459459459459
673,754,14,1012,60,0.01383399209486166
673,87,-23,268,16,-0.08582089552238806
677,713,-5,605,46,-0.008264462809917356
677,72,15,370,23,0.04054054054054054
677,753,8,741,61,0.010796221322537112
677,77,-11,718,61,-0.01532033426183844
677,952,-16,444,27,-0.036036036036036036
677,958,22,1085,90,0.020276497695852536
679,911,-117,1022,67,-0.11448140900195694
679,951,-1,723,54,-0.0013831258644536654
682,956,22,434,31,0.05069124423963134
685,782,-1,478,35,-0.0020920502092050207
686,702,21,941,66,0.022316684378320937
686,89,-3,488,44,-0.006147540983606557
688,711,7,489,34,0.014314928425357873
688,966,10,385,33,0.025974025974025976
689,727,-6,1611,103,-0.0037243947858473
689,761,-43,461,34,-0.09327548806941431
689,947,33,836,63,0.039473684210526314
695,765,-5,496,44,-0.010080645161290322
695,901,-13,277,20,-0.04693140794223827
695,922,-18,372,29,-0.04838709677419355
696,979,-2,201,18,-0.009950248756218905
70,955,-16,237,19,-0.06751054852320675
702,89,14,722,56,0.019390581717451522
703,779,31,3188,239,0.00972396486825596
703,84,-18,1880,147,-0.009574468085106383
703,913,29,641,50,0.0452418096723869
703,948,-14,356,23,-0.03932584269662921
711,76,-8,481,40,-0.016632016632016633
711,961,-14,486,35,-0.02880658436213992
711,966,-7,469,32,-0.014925373134328358
713,958,-19,497,42,-0.03822937625754527
714,762,-54,2904,192,-0.01859504132231405
714,919,-33,670,41,-0.049253731343283584
714,93,-48,1681,126,-0.028554431885782272
714,959,-21,1205,81,-0.017427385892116183
717,739,17,1200,85,0.014166666666666666
717,757,6,1088,68,0.0055147058823529415
717,905,28,366,18,0.07650273224043716
717,937,-13,200,12,-0.065
72,952,-4,325,21,-0.012307692307692308
722,788,-16,821,57,-0.0194884287454324
722,891,90,889,48,0.10123734533183353
727,761,-52,396,28,-0.13131313131313133
727,947,23,578,47,0.039792387543252594
735,949,-28,877,45,-0.03192702394526796
735,970,-12,419,28,-0.028639618138424822
739,757,31,4719,277,0.0065691883873702055
739,905,13,2777,151,0.004681310767014764
739,937,-14,1432,89,-0.009776536312849162
753,77,-31,309,28,-0.10032362459546926
753,958,14,410,37,0.03414634146341464
754,87,-20,355,23,-0.056338028169014086
757,905,14,3146,190,0.004450095359186269
757,937,-19,1578,101,-0.012040557667934094
76,961,13,282,22,0.04609929078014184
762,919,-27,550,40,-0.04909090909090909
762,93,-3,1630,135,-0.0018404907975460123
762,959,-4,1162,88,-0.0034423407917383822
77,958,-4,396,35,-0.010101010101010102
779,84,22,2735,187,0.008043875685557587
779,913,45,952,59,0.04726890756302521
779,948,-2,928,56,-0.0021551724137931034
779,969,-5,383,34,-0.013054830287206266
788,891,13,543,37,0.02394106813996317
84,913,40,955,55,0.041884816753926704
84,948,21,815,48,0.025766871165644172
84,969,4,253,23,0.015810276679841896
891,895,-8,269,20,-0.02973977695167286
896,920,22,571,48,0.03852889667250438
904,956,-29,410,23,-0.07073170731707316
904,988,4,307,18,0.013029315960912053
905,937,-30,1172,69,-0.025597269624573378
911,951,28,774,56,0.03617571059431524
911,998,-20,255,27,-0.0784313725490196
913,948,25,396,16,0.06313131313131314
915,916,1,817,56,0.0012239902080783353
915,960,0,925,64,0.0
916,960,-9,436,26,-0.020642201834862386
919,93,18,379,36,0.047493403693931395
919,959,-12,400,26,-0.03
93,959,12,555,45,0.021621621621621623
949,970,12,356,22,0.033707865168539325
951,998,-4,423,19,-0.009456264775413711
952,958,18,312,29,0.057692307692307696
958,962,5,209,14,0.023923444976076555
